timestamp,open (USD),high (USD),low (USD),close (USD),open (USD),high (USD),low (USD),close (USD),volume,market cap (USD)
2021/4/20,55633.14,55792.15,54630.96,54716.85,55633.14,55792.15,54630.96,54716.85,3075.067211,3075.067211
2021/4/19,56150.01,57526.81,54221.58,55633.14,56150.01,57526.81,54221.58,55633.14,78229.04227,78229.04227
2021/4/18,60006.67,60499,50931.3,56150.01,60006.67,60499,50931.3,56150.01,124882.1318,124882.1318
2021/4/17,61334.81,62506.05,59580.91,60006.66,61334.81,62506.05,59580.91,60006.66,58912.25613,58912.25613
2021/4/16,63158.74,63520.61,60000,61334.8,63158.74,63520.61,60000,61334.8,91764.13988,91764.13988
2021/4/15,62959.53,63800,62020,63159.98,62959.53,63800,62020,63159.98,51649.70034,51649.70034
2021/4/14,63575.01,64854,61301,62959.53,63575.01,64854,61301,62959.53,82616.34399,82616.34399
2021/4/13,59860.01,63777.77,59805.15,63575,59860.01,63777.77,59805.15,63575,82848.68875,82848.68875
2021/4/12,59998.8,61300,59350.59,59860,59998.8,61300,59350.59,59860,56375.03712,56375.03712
2021/4/11,59769.13,60699,59232.52,60002.43,59769.13,60699,59232.52,60002.43,41156.71539,41156.71539
2021/4/10,58142.55,61500,57900.01,59769.13,58142.55,61500,57900.01,59769.13,69906.42412,69906.42412
2021/4/9,58077.52,58894.9,57654,58142.54,58077.52,58894.9,57654,58142.54,40831.88491,40831.88491
2021/4/8,55953.44,58153.31,55700,58077.52,55953.44,58153.31,55700,58077.52,44283.14702,44283.14702
2021/4/7,57990.03,58655,55473,55953.45,57990.03,58655,55473,55953.45,71228.40566,71228.40566
2021/4/6,59129.99,59495.24,57413.02,57991.15,59129.99,59495.24,57413.02,57991.15,54201.00073,54201.00073
2021/4/5,58202.01,59272,56777.77,59129.99,58202.01,59272,56777.77,59129.99,54258.01579,54258.01579
2021/4/4,57051.95,58492.85,56388,58202.01,57051.95,58492.85,56388,58202.01,41314.08197,41314.08197
2021/4/3,58950.01,59791.72,56880,57051.94,58950.01,59791.72,56880,57051.94,47409.85211,47409.85211
2021/4/2,58720.45,60200,58428.57,58950.01,58720.45,60200,58428.57,58950.01,47382.41878,47382.41878
2021/4/1,58739.46,59490,57935.45,58720.44,58739.46,59490,57935.45,58720.44,47415.61722,47415.61722
2021/3/31,58746.57,59800,56769,58740.55,58746.57,59800,56769,58740.55,60975.54267,60975.54267
2021/3/30,57635.46,59368,57071.35,58746.57,57635.46,59368,57071.35,58746.57,55122.44312,55122.44312
2021/3/29,55777.65,58405.82,54800.01,57635.47,55777.65,58405.82,54800.01,57635.47,67857.9374,67857.9374
2021/3/28,55817.14,56559.75,54691.84,55777.63,55817.14,56559.75,54691.84,55777.63,39050.38751,39050.38751
2021/3/27,55025.59,56700.36,53950,55817.14,55025.59,56700.36,53950,55817.14,50105.47506,50105.47506
2021/3/26,51293.78,55073.46,51214.6,55025.59,51293.78,55073.46,51214.6,55025.59,63813.77469,63813.77469
2021/3/25,52303.66,53287,50427.56,51293.78,52303.66,53287,50427.56,51293.78,87400.53454,87400.53454
2021/3/24,54342.8,57200,51700,52303.65,54342.8,57200,51700,52303.65,83537.46502,83537.46502
2021/3/23,54083.25,55830.9,53000,54340.89,54083.25,55830.9,53000,54340.89,59789.36543,59789.36543
2021/3/22,57351.56,58430.73,53650,54083.25,57351.56,58430.73,53650,54083.25,62581.62617,62581.62617
2021/3/21,58100.02,58589.1,55450.11,57351.56,58100.02,58589.1,55450.11,57351.56,48564.47027,48564.47027
2021/3/20,58030.01,59880,57820.17,58102.28,58030.01,59880,57820.17,58102.28,44476.94178,44476.94178
2021/3/19,57641,59468,56270.74,58030.01,57641,59468,56270.74,58030.01,52392.65296,52392.65296
2021/3/18,58912.97,60129.97,57023,57648.16,58912.97,60129.97,57023,57648.16,66580.40668,66580.40668
2021/3/17,56900.74,58974.73,54123.69,58912.97,56900.74,58974.73,54123.69,58912.97,70421.62084,70421.62084
2021/3/16,55605.2,56938.29,53271.34,56900.75,55605.2,56938.29,53271.34,56900.75,77986.69436,77986.69436
2021/3/15,58976.08,60633.43,54600,55605.2,58976.08,60633.43,54600,55605.2,102771.4273,102771.4273
2021/3/14,61188.38,61724.79,58966.78,58968.31,61188.38,61724.79,58966.78,58968.31,52601.05275,52601.05275
2021/3/13,57221.72,61844,56078.23,61188.39,57221.72,61844,56078.23,61188.39,83245.09135,83245.09135
2021/3/12,57773.15,58081.51,54962.84,57221.72,57773.15,58081.51,54962.84,57221.72,73405.40605,73405.40605
2021/3/11,55851.59,58150,54272.82,57773.16,55851.59,58150,54272.82,57773.16,81914.81286,81914.81286
2021/3/10,54874.67,57387.69,53005,55851.59,54874.67,57387.69,53005,55851.59,84749.23894,84749.23894
2021/3/9,52375.18,54895,51789.41,54884.5,52375.18,54895,51789.41,54884.5,71656.73708,71656.73708
2021/3/8,50959.11,52402.78,49274.67,52375.17,50959.11,52402.78,49274.67,52375.17,66987.35966,66987.35966
2021/3/7,48882.2,51450.03,48882.2,50971.75,48882.2,51450.03,48882.2,50971.75,55235.02803,55235.02803
2021/3/6,48746.81,49200,47070,48882.2,48746.81,49200,47070,48882.2,44399.23424,44399.23424
2021/3/5,48374.09,49448.93,46300,48751.71,48374.09,49448.93,46300,48751.71,78192.49637,78192.49637
2021/3/4,50349.37,51773.88,47500,48374.09,50349.37,51773.88,47500,48374.09,82649.71683,82649.71683
2021/3/3,48436.61,52640,48100.71,50349.37,48436.61,52640,48100.71,50349.37,81035.91371,81035.91371
2021/3/2,49595.76,50200,47047.6,48440.65,49595.76,50200,47047.6,48440.65,64221.06214,64221.06214
2021/3/1,45134.11,49790,44950.53,49587.03,45134.11,49790,44950.53,49587.03,85086.11165,85086.11165
2021/2/28,46103.67,46638.46,43000,45135.66,46103.67,46638.46,43000,45135.66,83055.36904,83055.36904
2021/2/27,46276.88,48394,45000,46106.43,46276.88,48394,45000,46106.43,66060.83429,66060.83429
2021/2/26,47073.73,48424.11,44106.78,46276.87,47073.73,48424.11,44106.78,46276.87,109423.2007,109423.2007
2021/2/25,49676.21,52041.73,46674.34,47073.73,49676.21,52041.73,46674.34,47073.73,83310.67312,83310.67312
2021/2/24,48891,51374.99,46988.69,49676.2,48891,51374.99,46988.69,49676.2,91881.20925,91881.20925
2021/2/23,54087.67,54183.59,44892.56,48891,54087.67,54183.59,44892.56,48891,169375.0251,169375.0251
2021/2/22,57412.35,57508.47,47622,54087.67,57412.35,57508.47,47622,54087.67,134019.4349,134019.4349
2021/2/21,55841.19,58352.8,55477.59,57408.57,55841.19,58352.8,55477.59,57408.57,58166.70851,58166.70851
2021/2/20,55906,57700.46,53863.93,55841.19,55906,57700.46,53863.93,55841.19,80948.20531,80948.20531
2021/2/19,51552.61,56368,50710.2,55906,51552.61,56368,50710.2,55906,79659.77802,79659.77802
2021/2/18,52117.67,52530,50901.9,51552.6,52117.67,52530,50901.9,51552.6,60758.04695,60758.04695
2021/2/17,49133.45,52618.74,48947,52119.71,49133.45,52618.74,48947,52119.71,85743.63782,85743.63782
2021/2/16,47911.1,50689.18,47003.62,49133.45,47911.1,50689.18,47003.62,49133.45,88813.2663,88813.2663
2021/2/15,48580.47,49010.92,45570.79,47911.1,48580.47,49010.92,45570.79,47911.1,79398.15678,79398.15678
2021/2/14,47156.78,49707.43,47014.17,48577.79,47156.78,49707.43,47014.17,48577.79,73735.47553,73735.47553
2021/2/13,47298.15,48150,46202.53,47153.69,47298.15,48150,46202.53,47153.69,63768.0974,63768.0974
2021/2/12,47968.66,48985.8,46125,47287.6,47968.66,48985.8,46125,47287.6,85870.0357,85870.0357
2021/2/11,44807.58,48678.9,43994.02,47969.51,44807.58,48678.9,43994.02,47969.51,89561.08145,89561.08145
2021/2/10,46420.42,47310,43727,44807.58,46420.42,47310,43727,44807.58,97154.1822,97154.1822
2021/2/9,46374.86,48142.19,44961.09,46420.42,46374.86,48142.19,44961.09,46420.42,115499.8617,115499.8617
2021/2/8,38795.69,46794.45,37988.89,46374.87,38795.69,46794.45,37988.89,46374.87,138597.5369,138597.5369
2021/2/7,39181.01,39700,37351,38795.69,39181.01,39700,37351,38795.69,84363.67976,84363.67976
2021/2/6,38289.32,40955.51,38215.94,39186.94,38289.32,40955.51,38215.94,39186.94,98757.31118,98757.31118
2021/2/5,36936.65,38310.12,36570,38290.24,36936.65,38310.12,36570,38290.24,66681.33428,66681.33428
2021/2/4,37620.26,38708.27,36161.95,36936.66,37620.26,38708.27,36161.95,36936.66,92080.7359,92080.7359
2021/2/3,35472.71,37662.63,35362.38,37618.87,35472.71,37662.63,35362.38,37618.87,80784.33366,80784.33366
2021/2/2,33517.09,35984.33,33418,35466.24,33517.09,35984.33,33418,35466.24,78056.65988,78056.65988
2021/2/1,33092.97,34717.27,32296.16,33526.37,33092.97,34717.27,32296.16,33526.37,82718.27688,82718.27688
2021/1/31,34262.89,34342.69,32171.67,33092.98,34262.89,34342.69,32171.67,33092.98,68742.28038,68742.28038
2021/1/30,34246.28,34933,32825,34262.88,34246.28,34933,32825,34262.88,84889.68134,84889.68134
2021/1/29,33368.18,38531.9,31915.4,34252.2,33368.18,38531.9,31915.4,34252.2,231827.0056,231827.0056
2021/1/28,30362.19,33783.98,29842.1,33364.86,30362.19,33783.98,29842.1,33364.86,92621.14562,92621.14562
2021/1/27,32464.01,32557.29,29241.72,30366.15,32464.01,32557.29,29241.72,30366.15,95911.96171,95911.96171
2021/1/26,32254.19,32921.88,30837.37,32467.77,32254.19,32921.88,30837.37,32467.77,84972.20691,84972.20691
2021/1/25,32259.45,34875,31910,32254.2,32259.45,34875,31910,32254.2,88499.22692,88499.22692
2021/1/24,32078,33071,30900,32259.9,32078,33071,30900,32259.9,57978.03797,57978.03797
2021/1/23,32950,33456,31390.16,32078,32950,33456,31390.16,32078,64595.28768,64595.28768
2021/1/22,30851.99,33826.53,28850,32945.17,30851.99,33826.53,28850,32945.17,142971.684,142971.684
2021/1/21,35468.23,35600,30071,30850.13,35468.23,35600,30071,30850.13,131803.1829,131803.1829
2021/1/20,35901.94,36415.31,33400,35468.23,35901.94,36415.31,33400,35468.23,89368.42292,89368.42292
2021/1/19,36622.46,37850,35844.06,35891.49,36622.46,37850,35844.06,35891.49,79611.30777,79611.30777
2021/1/18,35824.99,37469.83,34800,36631.27,35824.99,37469.83,34800,36631.27,70698.11875,70698.11875
2021/1/17,35994.98,36852.5,33850,35828.61,35994.98,36852.5,33850,35828.61,80157.72738,80157.72738
2021/1/16,36737.43,37950,35357.8,35994.98,36737.43,37950,35357.8,35994.98,86348.43151,86348.43151
2021/1/15,39145.21,39747.76,34408,36742.22,39145.21,39747.76,34408,36742.22,118300.9209,118300.9209
2021/1/14,37371.38,40100,36701.23,39144.5,37371.38,40100,36701.23,39144.5,102950.3894,102950.3894
2021/1/13,34049.15,37850,32380,37371.38,34049.15,37850,32380,37371.38,124477.9149,124477.9149
2021/1/12,35410.37,36628,32531,34051.24,35410.37,36628,32531,34051.24,133948.152,133948.152
2021/1/11,38150.02,38264.74,30420,35404.47,38150.02,38264.74,30420,35404.47,249131.5399,249131.5399
2021/1/10,40088.22,41350,35111.11,38150.02,40088.22,41350,35111.11,38150.02,118209.5445,118209.5445
2021/1/9,40586.96,41380,38720,40088.22,40586.96,41380,38720,40088.22,75785.97968,75785.97968
2021/1/8,39432.48,41950,36500,40582.81,39432.48,41950,36500,40582.81,139789.9575,139789.9575
2021/1/7,36769.36,40365,36300,39432.28,36769.36,40365,36300,39432.28,132825.7004,132825.7004
2021/1/6,33949.53,36939.21,33288,36769.36,33949.53,36939.21,33288,36769.36,127139.2013,127139.2013
2021/1/5,31989.75,34360,29900,33949.53,31989.75,34360,29900,33949.53,116049.997,116049.997
2021/1/4,33000.05,33600,28130,31988.71,33000.05,33600,28130,31988.71,140899.8857,140899.8857
2021/1/3,32176.45,34778.11,31962.99,33000.05,32176.45,34778.11,31962.99,33000.05,120957.5668,120957.5668
2021/1/2,29331.7,33300,28946.53,32178.33,29331.7,33300,28946.53,32178.33,129993.8734,129993.8734
2021/1/1,28923.63,29600,28624.57,29331.69,28923.63,29600,28624.57,29331.69,54182.92501,54182.92501
2020/12/31,28875.55,29300,27850,28923.63,28875.55,29300,27850,28923.63,75508.50515,75508.50515
2020/12/30,27385,28996,27320,28875.54,27385,28996,27320,28875.54,95356.05783,95356.05783
2020/12/29,27079.42,27410,25880,27385,27079.42,27410,25880,27385,69411.59261,69411.59261
2020/12/28,26281.54,27500,26101,27079.41,26281.54,27500,26101,27079.41,79721.7425,79721.7425
2020/12/27,26493.4,28422,25700,26281.66,26493.4,28422,25700,26281.66,148455.5862,148455.5862
2020/12/26,24712.47,26867.03,24500,26493.39,24712.47,26867.03,24500,26493.39,97806.51339,97806.51339
2020/12/25,23728.99,24789.86,23433.6,24712.47,23728.99,24789.86,23433.6,24712.47,79519.94357,79519.94357
2020/12/24,23232.39,23794.43,22703.42,23729.2,23232.39,23794.43,22703.42,23729.2,69013.83425,69013.83425
2020/12/23,23810.79,24100,22600,23232.76,23810.79,24100,22600,23232.76,119047.2597,119047.2597
2020/12/22,22719.88,23837.1,22353.4,23810.79,22719.88,23837.1,22353.4,23810.79,87033.12616,87033.12616
2020/12/21,23455.54,24102.77,21815,22719.71,23455.54,24102.77,21815,22719.71,88030.29724,88030.29724
2020/12/20,23821.6,24295,23060,23455.52,23821.6,24295,23060,23455.52,76690.14569,76690.14569
2020/12/19,23107.39,24171.47,22750,23821.61,23107.39,24171.47,22750,23821.61,86045.06468,86045.06468
2020/12/18,22797.15,23285.18,22350,23107.39,22797.15,23285.18,22350,23107.39,79646.13432,79646.13432
2020/12/17,21335.52,23800,21230,22797.16,21335.52,23800,21230,22797.16,184882.4767,184882.4767
2020/12/16,19426.43,21560,19278.6,21335.52,19426.43,21560,19278.6,21335.52,114306.3356,114306.3356
2020/12/15,19273.69,19570,19050,19426.43,19273.69,19570,19050,19426.43,61834.36601,61834.36601
2020/12/14,19174.99,19349,19000,19273.14,19174.99,19349,19000,19273.14,47257.20129,47257.20129
2020/12/13,18808.69,19411,18711.12,19174.99,18808.69,19411,18711.12,19174.99,56560.82174,56560.82174
2020/12/12,18036.53,18948.66,18020.7,18808.69,18036.53,18948.66,18020.7,18808.69,49519.97843,49519.97843
2020/12/11,18254.81,18292.73,17572.33,18036.53,18254.81,18292.73,17572.33,18036.53,72610.72426,72610.72426
2020/12/10,18541.29,18557.32,17911.12,18254.63,18541.29,18557.32,17911.12,18254.63,52890.67509,52890.67509
2020/12/9,18324.11,18639.57,17650,18541.28,18324.11,18639.57,17650,18541.28,79585.5538,79585.5538
2020/12/8,19166.9,19294.84,18200,18324.11,19166.9,19294.84,18200,18324.11,61626.94761,61626.94761
2020/12/7,19358.67,19420.91,18902.88,19166.9,19358.67,19420.91,18902.88,19166.9,41372.29629,41372.29629
2020/12/6,19147.66,19420,18857,19359.4,19147.66,19420,18857,19359.4,37043.09186,37043.09186
2020/12/5,18650.51,19177,18500,19147.66,18650.51,19177,18500,19147.66,42922.74857,42922.74857
2020/12/4,19422.34,19527,18565.31,18650.52,19422.34,19527,18565.31,18650.52,71283.6682,71283.6682
2020/12/3,19204.08,19598,18867.2,19421.9,19204.08,19598,18867.2,19421.9,66689.39128,66689.39128
2020/12/2,18764.96,19342,18330,19204.09,18764.96,19342,18330,19204.09,75911.01348,75911.01348
2020/12/1,19695.87,19888,18001.12,18764.96,19695.87,19888,18001.12,18764.96,127698.7627,127698.7627
2020/11/30,18185,19863.16,18184.99,19695.87,18185,19863.16,18184.99,19695.87,115463.4669,115463.4669
2020/11/29,17719.84,18360.05,17517,18184.99,17719.84,18360.05,17517,18184.99,55329.0163,55329.0163
2020/11/28,17139.53,17880.49,16865.56,17719.85,17139.53,17880.49,16865.56,17719.85,64910.69997,64910.69997
2020/11/27,17149.47,17457.62,16438.08,17139.52,17149.47,17457.62,16438.08,17139.52,85297.02479,85297.02479
2020/11/26,18718.83,18915.03,16188,17149.47,18718.83,18915.03,16188,17149.47,181005.2467,181005.2467
2020/11/25,19160,19484.21,18500.27,18719.11,19160,19484.21,18500.27,18719.11,93266.57689,93266.57689
2020/11/24,18368.01,19418.97,18018,19160.01,18368.01,19418.97,18018,19160.01,113581.5092,113581.5092
2020/11/23,18413.88,18766,18000,18368,18413.88,18766,18000,18368,82961.50609,82961.50609
2020/11/22,18703.8,18750,17610.86,18414.43,18703.8,18750,17610.86,18414.43,81645.73778,81645.73778
2020/11/21,18655.66,18965.9,18308.58,18703.8,18655.66,18965.9,18308.58,18703.8,75577.45839,75577.45839
2020/11/20,17802.81,18815.22,17740.04,18655.67,17802.81,18815.22,17740.04,18655.67,88423.01849,88423.01849
2020/11/19,17777.75,18179.8,17335.65,17802.82,17777.75,18179.8,17335.65,17802.82,93009.56101,93009.56101
2020/11/18,17659.38,18476.93,17214.45,17776.12,17659.38,18476.93,17214.45,17776.12,149019.7881,149019.7881
2020/11/17,16713.08,17858.82,16538,17659.38,16713.08,17858.82,16538,17659.38,115221.4031,115221.4031
2020/11/16,15957,16880,15864,16713.57,15957,16880,15864,16713.57,81300.67592,81300.67592
2020/11/15,16069.56,16180,15774.72,15957,16069.56,16180,15774.72,15957,43596.84151,43596.84151
2020/11/14,16320.04,16326.99,15670,16070.45,16320.04,16326.99,15670,16070.45,59116.34718,59116.34718
2020/11/13,16291.85,16480,15952.35,16320.7,16291.85,16480,15952.35,16320.7,75691.88101,75691.88101
2020/11/12,15684.25,16340.7,15440.64,16291.86,15684.25,16340.7,15440.64,16291.86,102196.3566,102196.3566
2020/11/11,15297.21,15965,15272.68,15684.24,15297.21,15965,15272.68,15684.24,78469.74646,78469.74646
2020/11/10,15328.41,15460,15072.46,15297.21,15328.41,15460,15072.46,15297.21,61681.91961,61681.91961
2020/11/9,15475.1,15840,14805.54,15328.41,15475.1,15840,14805.54,15328.41,108976.3341,108976.3341
2020/11/8,14818.3,15650,14703.88,15475.1,14818.3,15650,14703.88,15475.1,65547.17857,65547.17857
2020/11/7,15579.93,15753.52,14344.22,14818.3,15579.93,15753.52,14344.22,14818.3,101431.2066,101431.2066
2020/11/6,15590.02,15960,15166,15579.92,15590.02,15960,15166,15579.92,122618.1977,122618.1977
2020/11/5,14144.01,15750,14093.56,15590.02,14144.01,15750,14093.56,15590.02,143741.5227,143741.5227
2020/11/4,14023.53,14259,13525,14144.01,14023.53,14259,13525,14144.01,93016.98826,93016.98826
2020/11/3,13549.63,14066.11,13284.99,14023.53,13549.63,14066.11,13284.99,14023.53,74115.63079,74115.63079
2020/11/2,13761.49,13830,13195.05,13549.37,13761.49,13830,13195.05,13549.37,64566.42191,64566.42191
2020/11/1,13791,13895,13603,13761.5,13791,13895,13603,13761.5,36285.64853,36285.64853
2020/10/31,13560.1,14100,13411.5,13791,13560.1,14100,13411.5,13791,67339.23852,67339.23852
2020/10/30,13455.69,13669.98,13115,13560.1,13455.69,13669.98,13115,13560.1,70657.77888,70657.77888
2020/10/29,13266.4,13642.91,12920.77,13455.7,13266.4,13642.91,12920.77,13455.7,74872.60213,74872.60213
2020/10/28,13636.16,13859.48,12888,13266.4,13636.16,13859.48,12888,13266.4,94440.56123,94440.56123
2020/10/27,13052.15,13789.29,13019.87,13636.17,13052.15,13789.29,13019.87,13636.17,80796.554,80796.554
2020/10/26,13029.64,13238.81,12765,13052.19,13029.64,13238.81,12765,13052.19,60951.67299,60951.67299
2020/10/25,13111.73,13350,12888,13028.83,13111.73,13350,12888,13028.83,38481.5795,38481.5795
2020/10/24,12923.06,13166.73,12870,13111.73,12923.06,13166.73,12870,13111.73,35952.20907,35952.20907
2020/10/23,12968.84,13027.69,12720.08,12923.07,12968.84,13027.69,12720.08,12923.07,50386.99984,50386.99984
2020/10/22,12780.75,13185,12678.08,12968.52,12780.75,13185,12678.08,12968.52,70038.82414,70038.82414
2020/10/21,11910,13217.68,11886.95,12780.96,11910,13217.68,11886.95,12780.96,114584.4568,114584.4568
2020/10/20,11751.46,12038.38,11677.59,11909.99,11751.46,12038.38,11677.59,11909.99,62134.75066,62134.75066
2020/10/19,11503.14,11823.99,11407.96,11751.47,11503.14,11823.99,11407.96,11751.47,47414.53469,47414.53469
2020/10/18,11360.31,11505,11346.22,11503.14,11360.31,11505,11346.22,11503.14,23284.04119,23284.04119
2020/10/17,11319.24,11402.42,11255,11360.2,11319.24,11402.42,11255,11360.2,22368.91524,22368.91524
2020/10/16,11505.13,11541.15,11200,11319.32,11505.13,11541.15,11200,11319.32,48797.7495,48797.7495
2020/10/15,11417.89,11617.34,11250.83,11505.12,11417.89,11617.34,11250.83,11505.12,48760.71768,48760.71768
2020/10/14,11420.57,11547.98,11280,11417.89,11420.57,11547.98,11280,11417.89,41415.10602,41415.10602
2020/10/13,11528.24,11557,11300,11420.56,11528.24,11557,11300,11420.56,42205.28371,42205.28371
2020/10/12,11369.02,11720.01,11172,11528.25,11369.02,11720.01,11172,11528.25,52825.28371,52825.28371
2020/10/11,11293.22,11445,11221,11369.02,11293.22,11445,11221,11369.02,29043.85134,29043.85134
2020/10/10,11050.64,11491,11050.51,11293.22,11050.64,11491,11050.51,11293.22,43648.03694,43648.03694
2020/10/9,10925.44,11104.64,10829,11050.64,10925.44,11104.64,10829,11050.64,48240.07324,48240.07324
2020/10/8,10666.4,10950,10530.41,10925.57,10666.4,10950,10530.41,10925.57,51959.69157,51959.69157
2020/10/7,10599.65,10681.87,10546.17,10666.39,10599.65,10681.87,10546.17,10666.39,32811.99028,32811.99028
2020/10/6,10792.2,10800,10525,10599.66,10792.2,10800,10525,10599.66,48674.74047,48674.74047
2020/10/5,10666.62,10798,10615.64,10792.21,10666.62,10798,10615.64,10792.21,34025.76165,34025.76165
2020/10/4,10542.07,10696.87,10517.87,10666.63,10542.07,10696.87,10517.87,10666.63,23212.0016,23212.0016
2020/10/3,10570.4,10603.56,10496.46,10542.06,10570.4,10603.56,10496.46,10542.06,22298.22134,22298.22134
2020/10/2,10619.13,10664.64,10374,10570.4,10619.13,10664.64,10374,10570.4,50130.39371,50130.39371
2020/10/1,10776.59,10920,10437,10619.13,10776.59,10920,10437,10619.13,60866.33289,60866.33289
2020/9/30,10840.58,10849.34,10665.13,10776.59,10840.58,10849.34,10665.13,10776.59,39596.02732,39596.02732
2020/9/29,10696.11,10867.54,10635.87,10840.48,10696.11,10867.54,10635.87,10840.48,41874.8984,41874.8984
2020/9/28,10774.26,10950,10626,10696.12,10774.26,10950,10626,10696.12,50095.25173,50095.25173
2020/9/27,10728.59,10799,10594.82,10774.25,10728.59,10799,10594.82,10774.25,30549.48325,30549.48325
2020/9/26,10686.57,10820.94,10644.68,10728.6,10686.57,10820.94,10644.68,10728.6,28420.83666,28420.83666
2020/9/25,10736.33,10760.53,10556.24,10686.67,10736.33,10760.53,10556.24,10686.67,48101.11701,48101.11701
2020/9/24,10241.46,10795.24,10190.93,10736.32,10241.46,10795.24,10190.93,10736.32,57676.61943,57676.61943
2020/9/23,10529.61,10537.15,10136.82,10241.46,10529.61,10537.15,10136.82,10241.46,51876.56808,51876.56808
2020/9/22,10417.22,10572.71,10353,10529.61,10417.22,10572.71,10353,10529.61,43991.23548,43991.23548
2020/9/21,10920.28,10988.86,10296.35,10417.22,10920.28,10988.86,10296.35,10417.22,70683.43118,70683.43118
2020/9/20,11080.64,11080.64,10723,10920.28,11080.64,11080.64,10723,10920.28,39157.92257,39157.92257
2020/9/19,10933.4,11179.79,10887.37,11080.65,10933.4,11179.79,10887.37,11080.65,38440.03686,38440.03686
2020/9/18,10940,11038.03,10812.84,10933.39,10940,11038.03,10812.84,10933.39,47266.72828,47266.72828
2020/9/17,10954.01,11045.46,10745.83,10939.99,10954.01,11045.46,10745.83,10939.99,55601.61453,55601.61453
2020/9/16,10785.23,11093,10661.22,10954.01,10785.23,11093,10661.22,10954.01,64991.51244,64991.51244
2020/9/15,10671.77,10930.04,10606.48,10785.31,10671.77,10930.04,10606.48,10785.31,61822.45279,61822.45279
2020/9/14,10332.84,10750,10212.34,10671.77,10332.84,10750,10212.34,10671.77,67059.29136,67059.29136
2020/9/13,10440.67,10580.11,10200,10332.83,10440.67,10580.11,10200,10332.83,43837.60987,43837.60987
2020/9/12,10387.89,10477.97,10269.25,10440.92,10387.89,10477.97,10269.25,10440.92,35379.1531,35379.1531
2020/9/11,10336.86,10397.6,10200,10387.89,10336.86,10397.6,10200,10387.89,43830.25447,43830.25447
2020/9/10,10219.29,10483.35,10070.83,10336.87,10219.29,10483.35,10070.83,10336.87,58253.75375,58253.75375
2020/9/9,10126.66,10343,9981.01,10219.2,10126.66,10343,9981.01,10219.2,49347.11378,49347.11378
2020/9/8,10373.45,10438,9850,10126.65,10373.45,10438,9850,10126.65,73491.87842,73491.87842
2020/9/7,10255.89,10410.75,9875,10373.44,10255.89,10410.75,9875,10373.44,62620.23068,62620.23068
2020/9/6,10166.69,10347.14,9994.86,10256.2,10166.69,10347.14,9994.86,10256.2,56368.78882,56368.78882
2020/9/5,10446.25,10565.68,9825,10166.69,10446.25,10565.68,9825,10166.69,90001.60557,90001.60557
2020/9/4,10138.29,10627.05,9875.5,10446.25,10138.29,10627.05,9875.5,10446.25,92733.59911,92733.59911
2020/9/3,11388.54,11462.6,9960.8,10140.85,11388.54,11462.6,9960.8,10140.85,121950.106,121950.106
2020/9/2,11921.97,11954.57,11160.1,11388.54,11921.97,11954.57,11160.1,11388.54,87221.8456,87221.8456
2020/9/1,11649.51,12050.85,11515,11921.97,11649.51,12050.85,11515,11921.97,78148.19367,78148.19367
2020/8/31,11711.17,11800.77,11570,11649.51,11711.17,11800.77,11570,11649.51,55353.61774,55353.61774
2020/8/30,11465.84,11719,11458,11711.16,11465.84,11719,11458,11711.16,43177.87905,43177.87905
2020/8/29,11526.9,11580.02,11417.04,11465.84,11526.9,11580.02,11417.04,11465.84,32973.7992,32973.7992
2020/8/28,11330.38,11542.65,11276.89,11526.91,11330.38,11542.65,11276.89,11526.91,45953.90837,45953.90837
2020/8/27,11461.42,11592.2,11125,11330.38,11461.42,11592.2,11125,11330.38,63246.03638,63246.03638
2020/8/26,11318.42,11539.32,11244,11461.43,11318.42,11539.32,11244,11461.43,53998.23123,53998.23123
2020/8/25,11748.19,11767.85,11117.64,11318.42,11748.19,11767.85,11117.64,11318.42,69590.92327,69590.92327
2020/8/24,11648.12,11824.9,11585.09,11748.2,11648.12,11824.9,11585.09,11748.2,46212.39187,46212.39187
2020/8/23,11663.51,11718.07,11514.13,11648.13,11663.51,11718.07,11514.13,11648.13,37900.00469,37900.00469
2020/8/22,11531.23,11686,11376.81,11662.96,11531.23,11686,11376.81,11662.96,43678.70165,43678.70165
2020/8/21,11853.54,11878,11485.81,11531.34,11853.54,11878,11485.81,11531.34,64448.30614,64448.30614
2020/8/20,11754.38,11888,11668,11853.55,11754.38,11888,11668,11853.55,46085.25435,46085.25435
2020/8/19,11945.1,12020.08,11561,11754.59,11945.1,12020.08,11561,11754.59,73940.16961,73940.16961
2020/8/18,12281.15,12387.77,11817.93,11945.01,12281.15,12387.77,11817.93,11945.01,75923.83553,75923.83553
2020/8/17,11910.99,12468,11769.78,12281.13,11910.99,12468,11769.78,12281.13,84734.21154,84734.21154
2020/8/16,11852.4,11931.72,11686,11911,11852.4,11931.72,11686,11911,41368.23691,41368.23691
2020/8/15,11760.55,11980,11680,11852.4,11760.55,11980,11680,11852.4,56237.90505,56237.90505
2020/8/14,11779.77,11850,11634.03,11760.54,11779.77,11850,11634.03,11760.54,59818.8527,59818.8527
2020/8/13,11564.34,11792.96,11270.36,11780,11564.34,11792.96,11270.36,11780,70132.4915,70132.4915
2020/8/12,11392.09,11617.52,11150,11564.33,11392.09,11617.52,11150,11564.33,64909.61364,64909.61364
2020/8/11,11892.9,11935,11125,11392.08,11892.9,11935,11125,11392.08,90748.28463,90748.28463
2020/8/10,11681.69,12067.35,11450,11892.92,11681.69,12067.35,11450,11892.92,84952.33789,84952.33789
2020/8/9,11761.02,11797.11,11521.97,11681.68,11761.02,11797.11,11521.97,11681.68,41493.06734,41493.06734
2020/8/8,11594.36,11808.27,11512,11761.41,11594.36,11808.27,11512,11761.41,41858.16104,41858.16104
2020/8/7,11762.47,11909.94,11322,11594.23,11762.47,11909.94,11322,11594.23,65755.92602,65755.92602
2020/8/6,11744.91,11900,11562.5,11762.46,11744.91,11900,11562.5,11762.46,63529.08502,63529.08502
2020/8/5,11191.99,11780.93,11093,11744.91,11191.99,11780.93,11093,11744.91,74970.25685,74970.25685
2020/8/4,11219.68,11414.98,11000,11191.97,11219.68,11414.98,11000,11191.97,58629.11371,58629.11371
2020/8/3,11071.36,11473,10936,11219.81,11071.36,11473,10936,11219.81,56931.84148,56931.84148
2020/8/2,11801.17,12123.46,10518.5,11071.35,11801.17,12123.46,10518.5,11071.35,97553.0776,97553.0776
2020/8/1,11335.46,11861,11220,11801.17,11335.46,11861,11220,11801.17,85087.48513,85087.48513
2020/7/31,11099.79,11444,10960,11335.46,11099.79,11444,10960,11335.46,70063.66097,70063.66097
2020/7/30,11100.52,11170,10831,11099.61,11100.52,11170,10831,11099.61,60794.82646,60794.82646
2020/7/29,10906.27,11342.82,10812,11100.53,10906.27,11342.82,10812,11100.53,76838.09423,76838.09423
2020/7/28,11029.96,11242.23,10565,10906.27,11029.96,11242.23,10565,10906.27,97267.73419,97267.73419
2020/7/27,9931.54,11394.86,9917.21,11029.96,9931.54,11394.86,9917.21,11029.96,150188.9331,150188.9331
2020/7/26,9700.42,10111,9650,9931.54,9700.42,10111,9650,9931.54,65279.26932,65279.26932
2020/7/25,9538.1,9732.9,9513,9700.42,9538.1,9732.9,9513,9700.42,40679.54542,40679.54542
2020/7/24,9603.27,9637,9463.44,9537.8,9603.27,9637,9463.44,9537.8,43931.13621,43931.13621
2020/7/23,9518.16,9664,9440.33,9603.27,9518.16,9664,9440.33,9603.27,51856.2335,51856.2335
2020/7/22,9390,9544,9261,9518.16,9390,9544,9261,9518.16,48815.00411,48815.00411
2020/7/21,9160.78,9437.73,9152.8,9390,9160.78,9437.73,9152.8,9390,60413.58249,60413.58249
2020/7/20,9208.99,9221.52,9131,9160.78,9208.99,9221.52,9131,9160.78,35458.76408,35458.76408
2020/7/19,9170.3,9232.27,9101.35,9208.99,9170.3,9232.27,9101.35,9208.99,26052.01942,26052.01942
2020/7/18,9154.31,9219.3,9121.1,9170.28,9154.31,9219.3,9121.1,9170.28,22554.54146,22554.54146
2020/7/17,9133.72,9186.83,9089.81,9154.32,9133.72,9186.83,9089.81,9154.32,28054.35874,28054.35874
2020/7/16,9197.6,9226.15,9047.25,9133.72,9197.6,9226.15,9047.25,9133.72,43375.57119,43375.57119
2020/7/15,9255.85,9276.49,9160.57,9197.6,9255.85,9276.49,9160.57,9197.6,39053.57967,39053.57967
2020/7/14,9242.61,9279.54,9113,9255.85,9242.61,9279.54,9113,9255.85,45772.55251,45772.55251
2020/7/13,9303.31,9343.82,9200.89,9242.62,9303.31,9343.82,9200.89,9242.62,42740.06912,42740.06912
2020/7/12,9234.02,9345,9157.5,9302.75,9234.02,9345,9157.5,9302.75,30872.70229,30872.70229
2020/7/11,9288.34,9299.28,9178.25,9234.03,9288.34,9299.28,9178.25,9234.03,22561.366,22561.366
2020/7/10,9232.42,9317.48,9125,9288.34,9232.42,9317.48,9125,9288.34,38295.49401,38295.49401
2020/7/9,9436.06,9440.79,9160,9232.43,9436.06,9440.79,9160,9232.43,48044.45065,48044.45065
2020/7/8,9257.4,9470,9231,9436.06,9257.4,9470,9231,9436.06,56140.51778,56140.51778
2020/7/7,9342.47,9379.42,9203,9257.39,9342.47,9379.42,9203,9257.39,34587.33668,34587.33668
2020/7/6,9069.41,9375,9055.92,9344.2,9069.41,9375,9055.92,9344.2,54463.13228,54463.13228
2020/7/5,9135,9145.24,8893.03,9069.41,9135,9145.24,8893.03,9069.41,34073.65363,34073.65363
2020/7/4,9057.79,9190,9040.04,9135.46,9057.79,9190,9040.04,9135.46,26441.96848,26441.96848
2020/7/3,9086.54,9125,9037.47,9058.26,9086.54,9125,9037.47,9058.26,28943.42018,28943.42018
2020/7/2,9231.99,9261.96,8940,9086.54,9231.99,9261.96,8940,9086.54,45725.16808,45725.16808
2020/7/1,9138.08,9292,9080.1,9232,9138.08,9292,9080.1,9232,38488.5287,38488.5287
2020/6/30,9192.93,9205,9064.89,9138.55,9192.93,9205,9064.89,9138.55,31463.1628,31463.1628
2020/6/29,9116.16,9238,9024.67,9192.56,9116.16,9238,9024.67,9192.56,42120.29326,42120.29326
2020/6/28,9012,9191,8948.06,9116.35,9012,9191,8948.06,9116.35,30688.17642,30688.17642
2020/6/27,9162.21,9196.24,8833,9012,9162.21,9196.24,8833,9012,46290.93011,46290.93011
2020/6/26,9249.49,9298,9045.45,9162.21,9249.49,9298,9045.45,9162.21,50292.29828,50292.29828
2020/6/25,9298.33,9340,9009.69,9249.49,9298.33,9340,9009.69,9249.49,55831.61916,55831.61916
2020/6/24,9624.33,9670,9208,9296.49,9624.33,9670,9208,9296.49,61571.56146,61571.56146
2020/6/23,9685.69,9720,9577.03,9624.89,9685.69,9720,9577.03,9624.89,41031.02938,41031.02938
2020/6/22,9294.69,9780,9277.09,9685.69,9294.69,9780,9277.09,9685.69,57895.46834,57895.46834
2020/6/21,9358.95,9422,9281.54,9294.69,9358.95,9422,9281.54,9294.69,24316.92623,24316.92623
2020/6/20,9310.23,9395,9170.95,9358.95,9310.23,9395,9170.95,9358.95,30329.06538,30329.06538
2020/6/19,9386.32,9438.3,9215.79,9310.23,9386.32,9438.3,9215.79,9310.23,45330.98367,45330.98367
2020/6/18,9465.13,9489,9280,9386.32,9465.13,9489,9280,9386.32,37381.95377,37381.95377
2020/6/17,9526.97,9565,9236.61,9465.14,9526.97,9565,9236.61,9465.14,48046.41115,48046.41115
2020/6/16,9426.05,9589,9373.09,9525.59,9426.05,9589,9373.09,9525.59,52052.44693,52052.44693
2020/6/15,9342.1,9495,8910.45,9426.02,9342.1,9495,8910.45,9426.02,86107.92471,86107.92471
2020/6/14,9473.34,9480.99,9245,9342.1,9473.34,9480.99,9245,9342.1,30055.50661,30055.50661
2020/6/13,9464.96,9494.73,9351,9473.34,9464.96,9494.73,9351,9473.34,27759.78485,27759.78485
2020/6/12,9278.88,9557.12,9232.51,9465.13,9278.88,9557.12,9232.51,9465.13,50119.06693,50119.06693
2020/6/11,9885.22,9964,9113,9280.4,9885.22,9964,9113,9280.4,94418.98473,94418.98473
2020/6/10,9772.44,9992.72,9704.18,9885,9772.44,9992.72,9704.18,9885,47130.76298,47130.76298
2020/6/9,9782,9877,9570,9772.43,9782,9877,9570,9772.43,46024.00129,46024.00129
2020/6/8,9746.99,9800,9633,9782.01,9746.99,9800,9633,9782.01,40664.66413,40664.66413
2020/6/7,9666.85,9802,9372.46,9746.99,9666.85,9802,9372.46,9746.99,57952.84839,57952.84839
2020/6/6,9621.17,9735,9531.05,9666.3,9621.17,9735,9531.05,9666.3,32752.95089,32752.95089
2020/6/5,9788.14,9854.75,9581,9621.16,9788.14,9854.75,9581,9621.16,47788.05005,47788.05005
2020/6/4,9666.32,9881.63,9450,9789.06,9666.32,9881.63,9450,9789.06,57456.10097,57456.10097
2020/6/3,9518.02,9690,9365.21,9666.24,9518.02,9690,9365.21,9666.24,46252.64494,46252.64494
2020/6/2,10202.71,10228.99,9266,9518.04,10202.71,10228.99,9266,9518.04,108970.7732,108970.7732
2020/6/1,9448.27,10380,9421.67,10200.77,9448.27,10380,9421.67,10200.77,76649.12696,76649.12696
2020/5/31,9697.72,9700,9381.41,9448.27,9697.72,9700,9381.41,9448.27,48333.7864,48333.7864
2020/5/30,9426.6,9740,9331.23,9697.72,9426.6,9740,9331.23,9697.72,55665.27254,55665.27254
2020/5/29,9575.87,9605.26,9330,9427.07,9575.87,9605.26,9330,9427.07,57374.36296,57374.36296
2020/5/28,9204.07,9625.47,9110,9575.89,9204.07,9625.47,9110,9575.89,74110.78766,74110.78766
2020/5/27,8841,9225,8811.73,9204.07,8841,9225,8811.73,9204.07,68910.35551,68910.35551
2020/5/26,8900.35,9017.67,8700,8841.18,8900.35,9017.67,8700,8841.18,58299.77014,58299.77014
2020/5/25,8718.14,8979.66,8642.72,8900.35,8718.14,8979.66,8642.72,8900.35,62833.91095,62833.91095
2020/5/24,9179.01,9298,8700,8720.34,9179.01,9298,8700,8720.34,70379.86645,70379.86645
2020/5/23,9170,9307.85,9070,9179.15,9170,9307.85,9070,9179.15,43526.29697,43526.29697
2020/5/22,9067.51,9271,8933.52,9170,9067.51,9271,8933.52,9170,58943.13102,58943.13102
2020/5/21,9511.43,9578.47,8815,9068.65,9511.43,9578.47,8815,9068.65,108928.781,108928.781
2020/5/20,9775.13,9842,9326,9511.43,9775.13,9842,9326,9511.43,74923.73809,74923.73809
2020/5/19,9733.93,9897.21,9474,9775.53,9733.93,9897.21,9474,9775.53,78539.76045,78539.76045
2020/5/18,9681.11,9950,9464.23,9733.93,9681.11,9950,9464.23,9733.93,82006.60358,82006.60358
2020/5/17,9380.81,9888,9322.1,9680.04,9380.81,9888,9322.1,9680.04,68647.76432,68647.76432
2020/5/16,9315.96,9588,9220,9381.27,9315.96,9588,9220,9381.27,59587.62786,59587.62786
2020/5/15,9791.97,9845.62,9150,9316.42,9791.97,9845.62,9150,9316.42,115890.7615,115890.7615
2020/5/14,9309.35,9939,9256.76,9791.98,9309.35,9939,9256.76,9791.98,129565.3775,129565.3775
2020/5/13,8810.99,9398,8792.99,9309.37,8810.99,9398,8792.99,9309.37,92466.27402,92466.27402
2020/5/12,8562.04,8978.26,8528.78,8810.79,8562.04,8978.26,8528.78,8810.79,86522.78007,86522.78007
2020/5/11,8722.77,9168,8200,8561.52,8722.77,9168,8200,8561.52,168807.2518,168807.2518
2020/5/10,9539.1,9574.83,8117,8722.77,9539.1,9574.83,8117,8722.77,183865.182,183865.182
2020/5/9,9800.02,9914.25,9520,9539.4,9800.02,9914.25,9520,9539.4,81950.67957,81950.67957
2020/5/8,9986.3,10035.96,9705,9800.01,9986.3,10035.96,9705,9800.01,100683.7964,100683.7964
2020/5/7,9143.4,10067,9021,9986.4,9143.4,10067,9021,9986.4,147154.6114,147154.6114
2020/5/6,9021.36,9395,8906.21,9142.92,9021.36,9395,8906.21,9142.92,105925.3024,105925.3024
2020/5/5,8871.92,9118.58,8760,9021.83,8871.92,9118.58,8760,9021.83,76480.76534,76480.76534
2020/5/4,8894.15,8950,8522,8871.96,8894.15,8950,8522,8871.96,84418.51233,84418.51233
2020/5/3,8972.58,9200,8712,8894.16,8972.58,9200,8712,8894.16,90126.06564,90126.06564
2020/5/2,8825.67,9010,8753,8972.05,8825.67,9010,8753,8972.05,59002.08755,59002.08755
2020/5/1,8620,9059.18,8613.56,8826.96,8620,9059.18,8613.56,8826.96,91468.81506,91468.81506
2020/4/30,8778.58,9460,8401,8620,8778.58,9460,8401,8620,206277.2141,206277.2141
2020/4/29,7738.58,8952.89,7710.05,8778.57,7738.58,8952.89,7710.05,8778.57,183546.8875,183546.8875
2020/4/28,7773.51,7780,7659.12,7738.98,7773.51,7780,7659.12,7738.98,46302.75264,46302.75264
2020/4/27,7693.1,7792.02,7606,7774.62,7693.1,7792.02,7606,7774.62,65441.33958,65441.33958
2020/4/26,7539.03,7700,7480,7693.1,7539.03,7700,7480,7693.1,50522.61621,50522.61621
2020/4/25,7505,7705,7431.07,7538.67,7505,7705,7431.07,7538.67,43874.42773,43874.42773
2020/4/24,7483.96,7615.96,7388,7505,7483.96,7615.96,7388,7505,60182.11994,60182.11994
2020/4/23,7125.12,7738,7020,7482.39,7125.12,7738,7020,7482.39,102773.5696,102773.5696
2020/4/22,6841.36,7156.38,6818,7125.14,6841.36,7156.38,6818,7125.14,61486.37733,61486.37733
2020/4/21,6828.98,6940,6762,6841.37,6828.98,6940,6762,6841.37,60109.71081,60109.71081
2020/4/20,7121.4,7220,6751,6826.83,7121.4,7220,6751,6826.83,90149.49137,90149.49137
2020/4/19,7248.6,7266.15,7055.6,7120.74,7248.6,7266.15,7055.6,7120.74,45664.86393,45664.86393
2020/4/18,7026.78,7293.08,7014.4,7248.6,7026.78,7293.08,7014.4,7248.6,49488.54282,49488.54282
2020/4/17,7101.99,7148.12,6972.98,7027.55,7101.99,7148.12,6972.98,7027.55,54126.50976,54126.50976
2020/4/16,6621.25,7190,6468.27,7101.94,6621.25,7190,6468.27,7101.94,125009.8575,125009.8575
2020/4/15,6868.57,6933,6605,6621.24,6868.57,6933,6605,6621.24,61571.38499,61571.38499
2020/4/14,6838.04,6978,6754.28,6868.7,6838.04,6978,6754.28,6868.7,69068.62329,69068.62329
2020/4/13,6903.79,6903.79,6575,6837.91,6903.79,6903.79,6575,6837.91,96415.47657,96415.47657
2020/4/12,6876.84,7177,6780,6903.79,6876.84,7177,6780,6903.79,73868.6665,73868.6665
2020/4/11,6858.92,6944.3,6760,6876.83,6858.92,6944.3,6760,6876.83,45470.29321,45470.29321
2020/4/10,7283.54,7295.75,6739.98,6858.92,7283.54,7295.75,6739.98,6858.92,104674.6234,104674.6234
2020/4/9,7360.26,7371.92,7108.08,7283.54,7360.26,7371.92,7108.08,7283.54,61094.87242,61094.87242
2020/4/8,7197.32,7420,7150,7361.28,7197.32,7420,7150,7361.28,76059.14584,76059.14584
2020/4/7,7329.9,7459.69,7077,7197.32,7329.9,7459.69,7077,7197.32,103585.1689,103585.1689
2020/4/6,6772.78,7355.14,6765,7329.9,6772.78,7355.14,6765,7329.9,118052.0008,118052.0008
2020/4/5,6857.41,6895.54,6677.52,6772.78,6857.41,6895.54,6677.52,6772.78,49685.35698,49685.35698
2020/4/4,6732.97,6990.41,6650.01,6856.99,6732.97,6990.41,6650.01,6856.99,72990.86114,72990.86114
2020/4/3,6793.86,7048,6602.1,6734.1,6793.86,7048,6602.1,6734.1,104080.2769,104080.2769
2020/4/2,6643.36,7198,6551,6794.09,6643.36,7198,6551,6794.09,149299.9069,149299.9069
2020/4/1,6412.14,6679.94,6150.11,6642.92,6412.14,6679.94,6150.11,6642.92,97500.7524,97500.7524
2020/3/31,6394.45,6523.23,6321.4,6410.44,6394.45,6523.23,6321.4,6410.44,72337.59526,72337.59526
2020/3/30,5880.5,6599,5857.76,6394.38,5880.5,6599,5857.76,6394.38,118889.55,118889.55
2020/3/29,6236.65,6266,5866.56,5881.42,6236.65,6266,5866.56,5881.42,63311.62771,63311.62771
2020/3/28,6359.11,6360,6024,6236.65,6359.11,6360,6024,6236.65,93159.69343,93159.69343
2020/3/27,6737.27,6842.59,6261,6359.11,6737.27,6842.59,6261,6359.11,82914.96835,82914.96835
2020/3/26,6677.42,6780,6510,6737.36,6677.42,6780,6510,6737.36,83026.55521,83026.55521
2020/3/25,6744.69,6957.96,6450,6677.43,6744.69,6957.96,6450,6677.43,132155.735,132155.735
2020/3/24,6465.25,6833,6371.33,6744.72,6465.25,6833,6371.33,6744.72,151138.0099,151138.0099
2020/3/23,5816.05,6600,5688,6467.31,5816.05,6600,5688,6467.31,164674.2158,164674.2158
2020/3/22,6187.04,6407.87,5734.01,5816.19,6187.04,6407.87,5734.01,5816.19,119115.9905,119115.9905
2020/3/21,6204.57,6456.98,5860.02,6186.98,6204.57,6456.98,5860.02,6186.98,128913.6684,128913.6684
2020/3/20,6162.05,6900,5670,6208.36,6162.05,6900,5670,6208.36,219298.3295,219298.3295
2020/3/19,5393.26,6400,5252.53,6162.37,5393.26,6400,5252.53,6162.37,199020.8734,199020.8734
2020/3/18,5312.64,5436.17,5009.37,5393.04,5312.64,5436.17,5009.37,5393.04,137127.6349,137127.6349
2020/3/17,5028.86,5525,4921.45,5312.64,5028.86,5525,4921.45,5312.64,150089.9263,150089.9263
2020/3/16,5360.33,5365.42,4442.12,5028.97,5360.33,5365.42,4442.12,5028.97,227276.9228,227276.9228
2020/3/15,5172.48,5940,5093.1,5361.3,5172.48,5940,5093.1,5361.3,139916.1465,139916.1465
2020/3/14,5576.05,5640.52,5055.13,5172.06,5576.05,5640.52,5055.13,5172.06,136910.136,136910.136
2020/3/13,4800.01,5955,3782.13,5578.6,4800.01,5955,3782.13,5578.6,402201.6738,402201.6738
2020/3/12,7934.58,7966.17,4410,4800,7934.58,7966.17,4410,4800,261505.6087,261505.6087
2020/3/11,7894.57,7980,7590,7934.52,7894.57,7980,7590,7934.52,79942.41117,79942.41117
2020/3/10,7929.87,8149,7728.01,7894.56,7929.87,8149,7728.01,7894.56,86783.44388,86783.44388
2020/3/9,8034.76,8179.31,7632.01,7929.87,8034.76,8179.31,7632.01,7929.87,116968.8633,116968.8633
2020/3/8,8885.25,8886.76,8000,8033.31,8885.25,8886.76,8000,8033.31,77537.31517,77537.31517
2020/3/7,9130.89,9188,8835,8886.66,9130.89,9188,8835,8886.66,45422.20453,45422.20453
2020/3/6,9054.64,9170,8985.5,9131.88,9054.64,9170,8985.5,9131.88,43782.94804,43782.94804
2020/3/5,8750.99,9159.42,8746.54,9054.68,8750.99,9159.42,8746.54,9054.68,58201.86636,58201.86636
2020/3/4,8760.07,8848.29,8660,8750.87,8760.07,8848.29,8660,8750.87,38696.48258,38696.48258
2020/3/3,8911.18,8919.65,8651,8760.07,8911.18,8919.65,8651,8760.07,55154.99728,55154.99728
2020/3/2,8530.3,8965.75,8498,8915.24,8530.3,8965.75,8498,8915.24,60401.31773,60401.31773
2020/3/1,8523.61,8750,8411,8531.88,8523.61,8750,8411,8531.88,43892.20178,43892.20178
2020/2/29,8690.8,8790,8523.55,8523.61,8690.8,8790,8523.55,8523.61,36748.18304,36748.18304
2020/2/28,8823.25,8900,8445,8692.91,8823.25,8900,8445,8692.91,71155.20898,71155.20898
2020/2/27,8786,8971.77,8531,8823.21,8786,8971.77,8531,8823.21,72483.57876,72483.57876
2020/2/26,9316.48,9377.44,8633.63,8785.25,9316.48,9377.44,8633.63,8785.25,92130.34548,92130.34548
2020/2/25,9655.52,9675,9250,9315.84,9655.52,9675,9250,9315.84,54379.34455,54379.34455
2020/2/24,9936.4,9990,9473.56,9656.13,9936.4,9990,9473.56,9656.13,55796.59612,55796.59612
2020/2/23,9650.85,9990,9645,9936.4,9650.85,9990,9645,9936.4,37702.08984,37702.08984
2020/2/22,9677.05,9709.17,9560.02,9650.86,9677.05,9709.17,9560.02,9650.86,24636.75762,24636.75762
2020/2/21,9597.21,9755.51,9550.21,9677.05,9597.21,9755.51,9550.21,9677.05,42181.55452,42181.55452
2020/2/20,9594.65,9699,9400,9596.42,9594.65,9699,9400,9596.42,60152.34291,60152.34291
2020/2/19,10164.78,10250,9350,9593.79,10164.78,10250,9350,9593.79,55162.5869,55162.5869
2020/2/18,9706,10250,9576.01,10164.71,9706,10250,9576.01,10164.71,70604.12402,70604.12402
2020/2/17,9910.7,9964.16,9452.67,9706,9910.7,9964.16,9452.67,9706,70261.0119,70261.0119
2020/2/16,9904.46,10050,9638.12,9917.27,9904.46,10050,9638.12,9917.27,60023.99954,60023.99954
2020/2/15,10344.36,10375,9801,9904.72,10344.36,10375,9801,9904.72,57657.20295,57657.20295
2020/2/14,10227.78,10381.56,10111.37,10344.36,10227.78,10381.56,10111.37,10344.36,47038.48017,47038.48017
2020/2/13,10325.33,10500,10080,10229.63,10325.33,10500,10080,10229.63,79344.35876,79344.35876
2020/2/12,10223.08,10450,10223.08,10326.46,10223.08,10450,10223.08,10326.46,61008.06393,61008.06393
2020/2/11,9851.74,10323.59,9700,10223.08,9851.74,10323.59,9700,10223.08,62422.39522,62422.39522
2020/2/10,10151.72,10188,9756,9851.83,10151.72,10188,9756,9851.83,59573.08462,59573.08462
2020/2/9,9895.04,10166,9880.75,10151.75,9895.04,10166,9880.75,10151.75,43408.47562,43408.47562
2020/2/8,9813.87,9940,9667.11,9895.05,9813.87,9940,9667.11,9895.05,43600.84367,43600.84367
2020/2/7,9772,9885,9730,9813.73,9772,9885,9730,9813.73,43966.11463,43966.11463
2020/2/6,9612.03,9862.57,9526.35,9772,9612.03,9862.57,9526.35,9772,64949.70659,64949.70659
2020/2/5,9197.02,9744.45,9177.22,9612.04,9197.02,9744.45,9177.22,9612.04,64870.41562,64870.41562
2020/2/4,9291.35,9350,9093.01,9197.02,9291.35,9350,9093.01,9197.02,53308.17527,53308.17527
2020/2/3,9331.59,9618.79,9234,9292.24,9331.59,9618.79,9234,9292.24,50892.13345,50892.13345
2020/2/2,9384.41,9477.03,9120,9331.51,9384.41,9477.03,9120,9331.51,45690.91254,45690.91254
2020/2/1,9351.71,9464.53,9281,9384.61,9351.71,9464.53,9281,9384.61,28578.06735,28578.06735
2020/1/31,9511.52,9530.22,9210.01,9352.89,9511.52,9530.22,9210.01,9352.89,45552.02235,45552.02235
2020/1/30,9301.57,9578,9204.44,9513.21,9301.57,9578,9204.44,9513.21,60626.74426,60626.74426
2020/1/29,9375.34,9449.24,9216,9301.53,9375.34,9449.24,9216,9301.53,53864.06512,53864.06512
2020/1/28,8907.57,9400,8862.4,9374.21,8907.57,9400,8862.4,9374.21,74584.85377,74584.85377
2020/1/27,8614.39,9000,8535,8907.57,8614.39,9000,8535,8907.57,53973.543,53973.543
2020/1/26,8340.01,8618.13,8293.66,8615,8340.01,8618.13,8293.66,8615,31130.48516,31130.48516
2020/1/25,8438.99,8451.26,8254.9,8340.58,8438.99,8451.26,8254.9,8340.58,25521.15793,25521.15793
2020/1/24,8404.52,8528.02,8238,8439,8404.52,8528.02,8238,8439,41687.52953,41687.52953
2020/1/23,8682.77,8691.81,8306.39,8404.52,8682.77,8691.81,8306.39,8404.52,48165.9446,48165.9446
2020/1/22,8736.04,8818,8590,8682.36,8736.04,8818,8590,8682.36,29080.55714,29080.55714
2020/1/21,8642.35,8789,8488,8736.03,8642.35,8789,8488,8736.03,36494.68766,36494.68766
2020/1/20,8701.72,8746.99,8521.28,8642.35,8701.72,8746.99,8521.28,8642.35,38896.63975,38896.63975
2020/1/19,8915.09,9198.98,8466,8701.7,8915.09,9198.98,8466,8701.7,70676.88926,70676.88926
2020/1/18,8913.27,8988.88,8806.38,8915.96,8913.27,8988.88,8806.38,8915.96,38294.74655,38294.74655
2020/1/17,8720.15,9041.65,8672.44,8913.28,8720.15,9041.65,8672.44,8913.28,70897.73738,70897.73738
2020/1/16,8820.01,8859.81,8586,8720.01,8820.01,8859.81,8586,8720.01,51991.07428,51991.07428
2020/1/15,8814.64,8916.48,8564,8821.41,8814.64,8916.48,8564,8821.41,84816.29761,84816.29761
2020/1/14,8110.34,8880,8105.54,8810.01,8110.34,8880,8105.54,8810.01,120399.1267,120399.1267
2020/1/13,8184.97,8196,8055.89,8110.34,8184.97,8196,8055.89,8110.34,31159.75568,31159.75568
2020/1/12,8020.01,8197,7960,8184.98,8020.01,8197,7960,8184.98,38131.49434,38131.49434
2020/1/11,8198.86,8286.34,8003.16,8020.01,8198.86,8286.34,8003.16,8020.01,54810.03267,54810.03267
2020/1/10,7817.74,8199,7672,8197.02,7817.74,8199,7672,8197.02,82406.77745,82406.77745
2020/1/9,8054.72,8055.96,7750,7817.76,8054.72,8055.96,7750,7817.76,64239.51983,64239.51983
2020/1/8,8145.92,8455,7870,8055.98,8145.92,8455,7870,8055.98,112622.6426,112622.6426
2020/1/7,7758.9,8207.68,7723.71,8145.28,7758.9,8207.68,7723.71,8145.28,91171.68466,91171.68466
2020/1/6,7357.64,7795.34,7346.76,7758,7357.64,7795.34,7346.76,7758,54635.69532,54635.69532
2020/1/5,7354.19,7495,7318,7358.75,7354.19,7495,7318,7358.75,38331.0856,38331.0856
2020/1/4,7345,7404,7272.21,7354.11,7345,7404,7272.21,7354.11,29987.97498,29987.97498
2020/1/3,6965.49,7405,6871.04,7344.96,6965.49,7405,6871.04,7344.96,68428.50045,68428.50045
2020/1/2,7200.77,7212.5,6924.74,6965.71,7200.77,7212.5,6924.74,6965.71,31951.48393,31951.48393
2020/1/1,7195.24,7255,7175.15,7200.85,7195.24,7255,7175.15,7200.85,16792.38817,16792.38817
2019/12/31,7246,7320,7145.01,7195.23,7246,7320,7145.01,7195.23,25954.45353,25954.45353
2019/12/30,7388.43,7408.24,7220,7246,7388.43,7408.24,7220,7246,29605.91178,29605.91178
2019/12/29,7315.36,7528.45,7288,7388.24,7315.36,7528.45,7288,7388.24,31387.10609,31387.10609
2019/12/28,7254.77,7365.01,7238.67,7316.14,7254.77,7365.01,7238.67,7316.14,26848.9822,26848.9822
2019/12/27,7202,7275.86,7076.42,7254.74,7202,7275.86,7076.42,7254.74,33642.70186,33642.70186
2019/12/26,7205.01,7435,7157.12,7202,7205.01,7435,7157.12,7202,36259.76108,36259.76108
2019/12/25,7255.77,7271.77,7128.86,7204.63,7255.77,7271.77,7128.86,7204.63,27492.04432,27492.04432
2019/12/24,7317.3,7436.68,7157.04,7255.77,7317.3,7436.68,7157.04,7255.77,43629.49419,43629.49419
2019/12/23,7500.71,7695.38,7265.84,7317.09,7500.71,7695.38,7265.84,7317.09,68051.9972,68051.9972
2019/12/22,7131.59,7518.54,7122.47,7501.44,7131.59,7518.54,7122.47,7501.44,39137.45515,39137.45515
2019/12/21,7188.01,7190.58,7105,7132.75,7188.01,7190.58,7105,7132.75,19467.17403,19467.17403
2019/12/20,7151.31,7220,7079.5,7187.83,7151.31,7220,7079.5,7187.83,32132.06921,32132.06921
2019/12/19,7277.83,7380,7038.31,7150.3,7277.83,7380,7038.31,7150.3,55509.04908,55509.04908
2019/12/18,6623.84,7440,6435,7277.83,6623.84,7440,6435,7277.83,95636.65125,95636.65125
2019/12/17,6891.44,6942.21,6560,6623.82,6891.44,6942.21,6560,6623.82,53865.06993,53865.06993
2019/12/16,7119.6,7150,6836,6891.72,7119.6,7150,6836,6891.72,43863.99306,43863.99306
2019/12/15,7064.14,7200.3,7008.35,7118.59,7064.14,7200.3,7008.35,7118.59,26395.77814,26395.77814
2019/12/14,7257.37,7271.77,7012,7064.05,7257.37,7271.77,7012,7064.05,29561.98597,29561.98597
2019/12/13,7197.76,7309.05,7190.76,7258.48,7197.76,7309.05,7190.76,7258.48,27609.8738,27609.8738
2019/12/12,7210,7295,7080.3,7198.08,7210,7295,7080.3,7198.08,42288.60093,42288.60093
2019/12/11,7224.15,7275.5,7125.66,7210,7224.15,7275.5,7125.66,7210,30093.09194,30093.09194
2019/12/10,7338.64,7407.6,7157.1,7224.13,7338.64,7407.6,7157.1,7224.13,49723.76214,49723.76214
2019/12/9,7510.11,7650,7273,7338.64,7510.11,7650,7273,7338.64,46621.88749,46621.88749
2019/12/8,7487.31,7564,7374.86,7510.11,7487.31,7564,7374.86,7510.11,29856.89763,29856.89763
2019/12/7,7527.8,7619.62,7470.16,7488.21,7527.8,7619.62,7470.16,7488.21,31498.68417,31498.68417
2019/12/6,7389,7590.03,7305,7527.47,7389,7590.03,7305,7527.47,48189.08794,48189.08794
2019/12/5,7194.59,7485,7150,7389,7194.59,7485,7150,7389,59306.67886,59306.67886
2019/12/4,7292.71,7750,7067,7194.32,7292.71,7750,7067,7194.32,83147.14914,83147.14914
2019/12/3,7294.42,7400,7241.35,7292.71,7294.42,7400,7241.35,7292.71,33149.47749,33149.47749
2019/12/2,7391.5,7420.56,7151.1,7294.28,7391.5,7420.56,7151.1,7294.28,46330.25604,46330.25604
2019/12/1,7540.63,7541.85,7210,7390.89,7540.63,7541.85,7210,7390.89,60769.34231,60769.34231
2019/11/30,7740.99,7810,7441,7541.89,7740.99,7810,7441,7541.89,46989.43362,46989.43362
2019/11/29,7418.52,7850,7362.3,7739.68,7418.52,7850,7362.3,7739.68,60745.30087,60745.30087
2019/11/28,7507.9,7643,7360,7419.49,7507.9,7643,7360,7419.49,56933.98111,56933.98111
2019/11/27,7154.75,7655,6840,7508.52,7154.75,7655,6840,7508.52,92452.87349,92452.87349
2019/11/26,7109.99,7340,7017.48,7156.14,7109.99,7340,7017.48,7156.14,65722.39769,65722.39769
2019/11/25,6900.23,7377.69,6515,7109.57,6900.23,7377.69,6515,7109.57,119645.7352,119645.7352
2019/11/24,7311.1,7330.39,6861,6903.28,7311.1,7330.39,6861,6903.28,67890.20648,67890.20648
2019/11/23,7268.23,7344.48,7080.01,7311.57,7268.23,7344.48,7080.01,7311.57,50449.89476,50449.89476
2019/11/22,7627.79,7750,6790,7268.23,7627.79,7750,6790,7268.23,126603.1403,126603.1403
2019/11/21,8098.56,8134.73,7500,7627.74,8098.56,8134.73,7500,7627.74,58418.78026,58418.78026
2019/11/20,8133.83,8264.29,8038.4,8098.01,8133.83,8264.29,8038.4,8098.01,32466.23098,32466.23098
2019/11/19,8186.5,8218.63,8003,8133.64,8186.5,8218.63,8003,8133.64,43556.06103,43556.06103
2019/11/18,8502.87,8503.52,8060,8187.17,8502.87,8503.52,8060,8187.17,43017.69094,43017.69094
2019/11/17,8490.74,8635,8350.68,8502.4,8490.74,8635,8350.68,8502.4,27009.03708,27009.03708
2019/11/16,8471.62,8543,8400,8491.02,8471.62,8543,8400,8491.02,20902.29975,20902.29975
2019/11/15,8646.38,8790,8400,8471.73,8646.38,8790,8400,8471.73,46087.41775,46087.41775
2019/11/14,8777.54,8800,8582.6,8646.68,8777.54,8800,8582.6,8646.68,33468.46896,33468.46896
2019/11/13,8821.91,8844.99,8702,8777.12,8821.91,8844.99,8702,8777.12,26810.11692,26810.11692
2019/11/12,8733.36,8888,8567.6,8821.94,8733.36,8888,8567.6,8821.94,40366.62947,40366.62947
2019/11/11,9040.16,9072.32,8618.68,8733.27,9040.16,9072.32,8618.68,8733.27,44888.05355,44888.05355
2019/11/10,8809.18,9147.19,8750,9039.47,8809.18,9147.19,8750,9039.47,34422.0298,34422.0298
2019/11/9,8773.74,8880,8724.88,8809.41,8773.74,8880,8724.88,8809.41,29469.48141,29469.48141
2019/11/8,9214,9261,8696,8773.73,9214,9261,8696,8773.73,62107.28924,62107.28924
2019/11/7,9339.16,9375,9101,9216.2,9339.16,9375,9101,9216.2,39117.47085,39117.47085
2019/11/6,9307.73,9440.91,9250.01,9339.05,9307.73,9440.91,9250.01,9339.05,37336.17037,37336.17037
2019/11/5,9392.4,9454.95,9175.76,9308.66,9392.4,9454.95,9175.76,9308.66,45935.87367,45935.87367
2019/11/4,9196.46,9513.68,9115.84,9393.35,9196.46,9513.68,9115.84,9393.35,45894.45628,45894.45628
2019/11/3,9289.85,9362.57,9066.14,9194.71,9289.85,9362.57,9066.14,9194.71,27894.37828,27894.37828
2019/11/2,9231.4,9373.74,9186.21,9289.52,9231.4,9373.74,9186.21,9289.52,28923.06083,28923.06083
2019/11/1,9140.86,9279,9030,9231.61,9140.86,9279,9030,9231.61,43594.81412,43594.81412
2019/10/31,9154.02,9405,8913,9140.85,9154.02,9405,8913,9140.85,54376.0249,54376.0249
2019/10/30,9407.62,9409.84,9001.01,9154.72,9407.62,9409.84,9001.01,9154.72,55241.78643,55241.78643
2019/10/29,9204.45,9550,9072,9407.62,9204.45,9550,9072,9407.62,64158.46245,64158.46245
2019/10/28,9528.23,9902.1,9160,9205.14,9528.23,9902.1,9160,9205.14,80174.21732,80174.21732
2019/10/27,9230,9794.98,9074.34,9529.93,9230,9794.98,9074.34,9529.93,93833.5416,93833.5416
2019/10/26,8655.88,10370,8470.38,9230,8655.88,10370,8470.38,9230,162588.5854,162588.5854
2019/10/25,7412.41,8799,7361,8655.02,7412.41,8799,7361,8655.02,90748.21817,90748.21817
2019/10/24,7468.47,7503.68,7337.99,7412.41,7468.47,7503.68,7337.99,7412.41,32714.38327,32714.38327
2019/10/23,8020.06,8047.59,7300,7466.62,8020.06,8047.59,7300,7466.62,63897.4571,63897.4571
2019/10/22,8197.28,8297.99,8000,8020,8197.28,8297.99,8000,8020,34651.82866,34651.82866
2019/10/21,8223.35,8333,8142.03,8197.27,8223.35,8333,8142.03,8197.27,30448.67954,30448.67954
2019/10/20,7949.87,8297,7870,8223.35,7949.87,8297,7870,8223.35,34286.45265,34286.45265
2019/10/19,7946.89,8098.1,7866.92,7948.01,7946.89,8098.1,7866.92,7948.01,26627.88939,26627.88939
2019/10/18,8070.71,8115,7816.01,7947.01,8070.71,8115,7816.01,7947.01,31353.18142,31353.18142
2019/10/17,7995.02,8124.92,7929.03,8070.58,7995.02,8124.92,7929.03,8070.58,29656.94916,29656.94916
2019/10/16,8159.3,8181.16,7917,7991.74,8159.3,8181.16,7917,7991.74,34733.59397,34733.59397
2019/10/15,8346.86,8403,8090,8159.29,8346.86,8403,8090,8159.29,32773.06248,32773.06248
2019/10/14,8275.24,8388.85,8203,8348.2,8275.24,8388.85,8203,8348.2,29810.66325,29810.66325
2019/10/13,8301.98,8451.37,8160,8275.01,8301.98,8451.37,8160,8275.01,27840.73995,27840.73995
2019/10/12,8257.95,8400,8250,8300.09,8257.95,8400,8250,8300.09,21339.3341,21339.3341
2019/10/11,8557.82,8779.51,8212.38,8258.5,8557.82,8779.51,8212.38,8258.5,50405.28442,50405.28442
2019/10/10,8562.15,8644,8414.52,8558.03,8562.15,8644,8414.52,8558.03,39137.94617,39137.94617
2019/10/9,8170.79,8670,8115,8560.74,8170.79,8670,8115,8560.74,55038.70438,55038.70438
2019/10/8,8190.82,8325,8088.75,8168.39,8190.82,8325,8088.75,8168.39,35452.65742,35452.65742
2019/10/7,7855.3,8299.92,7762,8190.09,7855.3,8299.92,7762,8190.09,52202.0723,52202.0723
2019/10/6,8127.55,8153.87,7785,7854.25,8127.55,8153.87,7785,7854.25,34676.10405,34676.10405
2019/10/5,8137.09,8183.41,8012.98,8126.19,8137.09,8183.41,8012.98,8126.19,21907.61556,21907.61556
2019/10/4,8224.43,8232.41,8005,8137.13,8224.43,8232.41,8005,8137.13,26476.3304,26476.3304
2019/10/3,8360,8393,8060,8223.96,8360,8393,8060,8223.96,30488.28406,30488.28406
2019/10/2,8292.67,8373.91,8151.22,8359.94,8292.67,8373.91,8151.22,8359.94,26243.38664,26243.38664
2019/10/1,8289.97,8500,8173.05,8292.44,8289.97,8500,8173.05,8292.44,43472.41809,43472.41809
2019/9/30,8043.04,8337.26,7710,8289.34,8043.04,8337.26,7710,8289.34,55865.48726,55865.48726
2019/9/29,8199.38,8229.13,7890,8043.82,8199.38,8229.13,7890,8043.82,31544.21139,31544.21139
2019/9/28,8177.47,8315,8001.09,8198.81,8177.47,8315,8001.09,8198.81,34473.60517,34473.60517
2019/9/27,8063.49,8265,7852.15,8177.91,8063.49,8265,7852.15,8177.91,43882.92463,43882.92463
2019/9/26,8430.05,8465.99,7750,8063.73,8430.05,8465.99,7750,8063.73,67930.85375,67930.85375
2019/9/25,8497.55,8730,8215.64,8430.05,8497.55,8730,8215.64,8430.05,60783.89226,60783.89226
2019/9/24,9702.2,9794.99,7800,8493.14,9702.2,9794.99,7800,8493.14,94007.3452,94007.3452
2019/9/23,10028.05,10049.99,9615.77,9702.25,10028.05,10049.99,9615.77,9702.25,31937.23236,31937.23236
2019/9/22,9985.15,10089,9853.97,10028.87,9985.15,10089,9853.97,10028.87,22049.27526,22049.27526
2019/9/21,10167.92,10176.7,9900,9986.39,10167.92,10176.7,9900,9986.39,20544.1752,20544.1752
2019/9/20,10243.7,10281,10061.39,10168.59,10243.7,10281,10061.39,10168.59,25088.49107,25088.49107
2019/9/19,10156.41,10325,9653,10244.29,10156.41,10325,9653,10244.29,44826.28258,44826.28258
2019/9/18,10187.48,10258.02,10100,10156.99,10187.48,10258.02,10100,10156.99,24250.2493,24250.2493
2019/9/17,10249.68,10275,10128.01,10187.82,10249.68,10275,10128.01,10187.82,22914.32456,22914.32456
2019/9/16,10303.34,10355,10078,10251.31,10303.34,10355,10078,10251.31,28971.40166,28971.40166
2019/9/15,10332.81,10360,10252.15,10302.01,10332.81,10360,10252.15,10302.01,18047.65401,18047.65401
2019/9/14,10344.13,10419.99,10222.33,10335.02,10344.13,10419.99,10222.33,10335.02,23621.53352,23621.53352
2019/9/13,10415.01,10439,10153,10342.06,10415.01,10439,10153,10342.06,30280.33978,30280.33978
2019/9/12,10158.75,10448.81,10040,10415.01,10158.75,10448.81,10040,10415.01,34511.16276,34511.16276
2019/9/11,10098.19,10293,9880,10158.33,10098.19,10293,9880,10158.33,31953.82456,31953.82456
2019/9/10,10302.58,10384.99,9953,10098.15,10302.58,10384.99,9953,10098.15,28915.41223,28915.41223
2019/9/9,10381.24,10480,10068.5,10303.12,10381.24,10480,10068.5,10303.12,39835.72761,39835.72761
2019/9/8,10455.9,10592.5,10208,10381.18,10455.9,10592.5,10208,10381.18,23984.67202,23984.67202
2019/9/7,10298.71,10558,10288.57,10455.88,10298.71,10558,10288.57,10455.88,27637.87739,27637.87739
2019/9/6,10563.13,10905.87,10150,10298.73,10563.13,10905.87,10150,10298.73,58799.64096,58799.64096
2019/9/5,10565.92,10900,10450,10564.49,10565.92,10900,10450,10564.49,33970.96064,33970.96064
2019/9/4,10611.85,10799,10369.89,10567.02,10611.85,10799,10369.89,10567.02,43943.88903,43943.88903
2019/9/3,10340,10773,10272,10615.28,10340,10773,10272,10615.28,47998.37678,47998.37678
2019/9/2,9723.59,10450,9712.5,10340,9723.59,10450,9712.5,10340,44740.24809,44740.24809
2019/9/1,9588.74,9830,9520,9724.98,9588.74,9830,9520,9724.98,19545.40484,19545.40484
2019/8/31,9582.76,9684.51,9420.75,9587.47,9582.76,9684.51,9420.75,9587.47,17130.29007,17130.29007
2019/8/30,9499.01,9696,9350.41,9584.54,9499.01,9696,9350.41,9584.54,26834.3181,26834.3181
2019/8/29,9721,9724,9320,9498.44,9721,9724,9320,9498.44,35532.69491,35532.69491
2019/8/28,10185.69,10299,9601.01,9721,10185.69,10299,9601.01,9721,42110.55538,42110.55538
2019/8/27,10373.6,10391.08,10051.08,10185.05,10373.6,10391.08,10051.08,10185.05,28402.77538,28402.77538
2019/8/26,10142.69,10604,10137.93,10372.25,10142.69,10604,10137.93,10372.25,41687.5116,41687.5116
2019/8/25,10134.61,10333,9906.97,10142.69,10134.61,10333,9906.97,10142.69,26271.6574,26271.6574
2019/8/24,10388.16,10419.42,9890,10134.35,10388.16,10419.42,9890,10134.35,27692.45684,27692.45684
2019/8/23,10099.9,10445,10019.79,10389.55,10099.9,10445,10019.79,10389.55,27550.33617,27550.33617
2019/8/22,10140.82,10242,9762,10099.88,10140.82,10242,9762,10099.88,34059.64274,34059.64274
2019/8/21,10760.51,10804.13,9858,10142.57,10760.51,10804.13,9858,10142.57,47355.71928,47355.71928
2019/8/20,10914.73,10949.96,10560,10760.51,10914.73,10949.96,10560,10760.51,32298.92168,32298.92168
2019/8/19,10306.17,10930,10258.6,10915.54,10306.17,10930,10258.6,10915.54,37243.31922,37243.31922
2019/8/18,10216.05,10500,10080,10306.78,10216.05,10500,10080,10306.78,24085.39517,24085.39517
2019/8/17,10331.15,10465.14,10000,10216.02,10331.15,10465.14,10000,10216.02,29000.5812,29000.5812
2019/8/16,10296.77,10536.03,9750,10331.54,10296.77,10536.03,9750,10331.54,51758.14292,51758.14292
2019/8/15,10055.16,10460,9911,10293.93,10055.16,10460,9911,10293.93,38174.45112,38174.45112
2019/8/14,10893.36,10897.48,9928.1,10050.37,10893.36,10897.48,9928.1,10050.37,54451.8475,54451.8475
2019/8/13,11398.35,11456.16,10788.45,10892.71,11398.35,11456.16,10788.45,10892.71,33234.72968,33234.72968
2019/8/12,11539.08,11577.89,11235.32,11396.08,11539.08,11577.89,11235.32,11396.08,17568.22708,17568.22708
2019/8/11,11309.24,11600,11112.11,11549.97,11309.24,11600,11112.11,11549.97,26772.90691,26772.90691
2019/8/10,11879.98,11985,11270,11309.31,11879.98,11985,11270,11309.31,42633.08705,42633.08705
2019/8/9,11994.17,12045.68,11700,11879.99,11994.17,12045.68,11700,11879.99,39427.15259,39427.15259
2019/8/8,11975.04,12060,11521,11999.77,11975.04,12060,11521,11999.77,51207.25717,51207.25717
2019/8/7,11481.69,12141.17,11382.84,11975.03,11481.69,12141.17,11382.84,11975.03,69173.39035,69173.39035
2019/8/6,11830,12330.7,11226.7,11481.69,11830,12330.7,11226.7,11481.69,76705.38988,76705.38988
2019/8/5,10929.99,11937.52,10927.8,11828.8,10929.99,11937.52,10927.8,11828.8,65153.67371,65153.67371
2019/8/4,10816.86,11040,10552,10929.23,10816.86,11040,10552,10929.23,39924.74514,39924.74514
2019/8/3,10523.75,10904.77,10497.93,10816.86,10523.75,10904.77,10497.93,10816.86,33802.31882,33802.31882
2019/8/2,10375,10670,10281.35,10523.75,10375,10670,10281.35,10523.75,42990.44422,42990.44422
2019/8/1,10080.53,10467.86,9863.46,10374.99,10080.53,10467.86,9863.46,10374.99,41727.63703,41727.63703
2019/7/31,9575,10109.8,9555,10080.53,9575,10109.8,9555,10080.53,39515.35456,39515.35456
2019/7/30,9509.07,9714.28,9402,9574.21,9509.07,9714.28,9402,9574.21,32536.36883,32536.36883
2019/7/29,9541.54,9729,9395,9507.64,9541.54,9729,9395,9507.64,29021.93741,29021.93741
2019/7/28,9478.92,9594.99,9165,9541.54,9478.92,9594.99,9165,9541.54,29401.02294,29401.02294
2019/7/27,9824,10188.66,9333,9476.52,9824,10188.66,9333,9476.52,43809.7783,43809.7783
2019/7/26,9882.15,9889.98,9637,9824,9882.15,9889.98,9637,9824,27167.46322,27167.46322
2019/7/25,9763.4,10175,9720.03,9879.87,9763.4,10175,9720.03,9879.87,37873.35473,37873.35473
2019/7/24,9864.78,9937,9525,9763.28,9864.78,9937,9525,9763.28,43475.38038,43475.38038
2019/7/23,10343.08,10343.97,9822,9864.91,10343.08,10343.97,9822,9864.91,47624.37071,47624.37071
2019/7/22,10590.15,10683.16,10100,10340.31,10590.15,10683.16,10100,10340.31,40467.95484,40467.95484
2019/7/21,10740.27,10817.9,10288,10589.45,10740.27,10817.9,10288,10589.45,38834.28794,38834.28794
2019/7/20,10505.78,11068.99,10350,10740.23,10505.78,11068.99,10350,10740.23,47331.89985,47331.89985
2019/7/19,10628.64,10769.71,10121.84,10504.29,10628.64,10769.71,10121.84,10504.29,56546.93213,56546.93213
2019/7/18,9668.86,10788,9252,10627.16,9668.86,10788,9252,10627.16,80283.31025,80283.31025
2019/7/17,9430.17,9957,9060,9667.92,9430.17,9957,9060,9667.92,84942.67272,84942.67272
2019/7/16,10833.78,11028,9350.01,9439.59,10833.78,11028,9350.01,9439.59,97219.44341,97219.44341
2019/7/15,10174.18,11100,9860,10838.72,10174.18,11100,9860,10838.72,81922.42633,81922.42633
2019/7/14,11355.78,11452,10103,10174.18,11355.78,11452,10103,10174.18,72517.57924,72517.57924
2019/7/13,11757.22,11799.98,10830,11355.76,11757.22,11799.98,10830,11355.76,54245.59455,54245.59455
2019/7/12,11342.88,11885,11073,11757.22,11342.88,11885,11073,11757.22,56321.85828,56321.85828
2019/7/11,12108.11,12111.73,11000,11342.89,12108.11,12111.73,11000,11342.89,87506.46106,87506.46106
2019/7/10,12548.51,13147.08,11569,12108.37,12548.51,13147.08,11569,12108.37,109246.045,109246.045
2019/7/9,12238.6,12794.73,12068,12543.41,12238.6,12794.73,12068,12543.41,78442.13034,78442.13034
2019/7/8,11410,12338.03,11220,12238.6,11410,12338.03,11220,12238.6,52182.36722,52182.36722
2019/7/7,11256.45,11538,11094.37,11406.24,11256.45,11538,11094.37,11406.24,38884.7956,38884.7956
2019/7/6,10982.41,11665,10964.51,11256.49,10982.41,11665,10964.51,11256.49,51469.49633,51469.49633
2019/7/5,11145.67,11406.83,10796.44,10970.73,11145.67,11406.83,10796.44,10970.73,63534.35058,63534.35058
2019/7/4,11940,12000,11055,11145.67,11940,12000,11055,11145.67,66512.22189,66512.22189
2019/7/3,10844.98,11991.89,10841.04,11940,10844.98,11991.89,10841.04,11940,96815.90029,96815.90029
2019/7/2,10624.9,10938.75,9727,10842.85,10624.9,10938.75,9727,10842.85,109561.0387,109561.0387
2019/7/1,10854.1,11282.28,10030,10624.93,10854.1,11282.28,10030,10624.93,90962.26827,90962.26827
2019/6/30,11903.13,12180,10766.03,10854.1,11903.13,12180,10766.03,10854.1,84512.53044,84512.53044
2019/6/29,12407.06,12441.54,11475.02,11903.13,12407.06,12441.54,11475.02,11903.13,69642.07416,69642.07416
2019/6/28,11329.99,12480,10982.88,12400.63,11329.99,12480,10982.88,12400.63,95795.20396,95795.20396
2019/6/27,13098.38,13478.04,10525.1,11329.99,13098.38,13478.04,10525.1,11329.99,173894.8209,173894.8209
2019/6/26,11821.28,13970,11741,13093.8,11821.28,13970,11741,13093.8,155930.1474,155930.1474
2019/6/25,11056.59,11850,11026,11820.86,11056.59,11850,11026,11820.86,61276.68665,61276.68665
2019/6/24,10905.95,11143.63,10620.8,11056.59,10905.95,11143.63,10620.8,11056.59,43101.04529,43101.04529
2019/6/23,10729,11392.64,10555.18,10906.07,10729,11392.64,10555.18,10906.07,57445.32395,57445.32395
2019/6/22,10159.86,11160,9921.72,10729.5,10159.86,11160,9921.72,10729.5,104169.448,104169.448
2019/6/21,9518.06,10174.99,9518.06,10159.86,9518.06,10174.99,9518.06,10159.86,50484.41589,50484.41589
2019/6/20,9253.76,9590,9175.2,9517.12,9253.76,9590,9175.2,9517.12,34556.05398,34556.05398
2019/6/19,9081.97,9304,8960,9255.49,9081.97,9304,8960,9255.49,32147.7065,32147.7065
2019/6/18,9312.13,9336.36,8950,9081.55,9312.13,9336.36,8950,9081.55,51554.5694,51554.5694
2019/6/17,8953,9444,8950,9313.96,8953,9444,8950,9313.96,47895.48537,47895.48537
2019/6/16,8810.77,9333,8760,8953.33,8810.77,9333,8760,8953.33,63289.25122,63289.25122
2019/6/15,8650.88,8864.99,8567.63,8808.7,8650.88,8864.99,8567.63,8808.7,31791.63604,31791.63604
2019/6/14,8216.44,8684.41,8144.32,8650,8216.44,8684.41,8144.32,8650,39835.24626,39835.24626
2019/6/13,8127.64,8309.82,8010.03,8218.54,8127.64,8309.82,8010.03,8218.54,30467.76434,30467.76434
2019/6/12,7884.9,8200,7788.99,8127.64,7884.9,8200,7788.99,8127.64,41597.08262,41597.08262
2019/6/11,7981,8010,7692.23,7884.9,7981,8010,7692.23,7884.9,30334.99943,30334.99943
2019/6/10,7627.57,8020,7511,7982.75,7627.57,8020,7511,7982.75,36756.07847,36756.07847
2019/6/9,7895.28,7935,7506.66,7628.13,7895.28,7935,7506.66,7628.13,31568.46516,31568.46516
2019/6/8,7978.94,8044.65,7751,7893.62,7978.94,8044.65,7751,7893.62,22657.32963,22657.32963
2019/6/7,7787.57,8100,7737.49,7980.53,7787.57,8100,7737.49,7980.53,33942.22566,33942.22566
2019/6/6,7778.08,7868.13,7444.58,7786.7,7778.08,7868.13,7444.58,7786.7,36624.11875,36624.11875
2019/6/5,7687.04,7896.7,7572.78,7776.5,7687.04,7896.7,7572.78,7776.5,48679.65646,48679.65646
2019/6/4,8115.66,8115.66,7481.02,7687.03,8115.66,8115.66,7481.02,7687.03,74143.94894,74143.94894
2019/6/3,8726,8800.95,8080.8,8115.82,8726,8800.95,8080.8,8115.82,45692.9651,45692.9651
2019/6/2,8545.1,8814.78,8524,8725.98,8545.1,8814.78,8524,8725.98,27835.13327,27835.13327
2019/6/1,8555,8626,8442.36,8544.07,8555,8626,8442.36,8544.07,31868.23416,31868.23416
2019/5/31,8267.1,8594,8108.5,8555,8267.1,8594,8108.5,8555,44727.49162,44727.49162
2019/5/30,8646.5,9074.26,8005,8269.54,8646.5,9074.26,8005,8269.54,70379.99852,70379.99852
2019/5/29,8716.87,8750,8406.6,8645.68,8716.87,8750,8406.6,8645.68,33880.86592,33880.86592
2019/5/28,8752.52,8798.49,8510.63,8715.64,8752.52,8798.49,8510.63,8715.64,31470.55153,31470.55153
2019/5/27,8612.54,8908.32,8589,8756.32,8612.54,8908.32,8589,8756.32,51886.76879,51886.76879
2019/5/26,8023,8740,7833.42,8614.43,8023,8740,7833.42,8614.43,49652.14457,49652.14457
2019/5/25,7964.52,8091.8,7908.34,8025.41,7964.52,8091.8,7908.34,8025.41,28414.32882,28414.32882
2019/5/24,7849.95,8130,7766,7964.87,7849.95,8130,7766,7964.87,46664.78533,46664.78533
2019/5/23,7627.8,7940.98,7461,7851.51,7627.8,7940.98,7461,7851.51,49648.1847,49648.1847
2019/5/22,7904.48,8016,7465,7628.43,7904.48,8016,7465,7628.43,49136.99459,49136.99459
2019/5/21,7937.16,8042.32,7771,7904.87,7937.16,8042.32,7771,7904.87,52301.75225,52301.75225
2019/5/20,8147.94,8156.03,7553,7938.15,8147.94,8156.03,7553,7938.15,65859.20856,65859.20856
2019/5/19,7257.32,8275.09,7243.08,8148.48,7257.32,8275.09,7243.08,8148.48,65577.44206,65577.44206
2019/5/18,7355.28,7458,7156.61,7257.45,7355.28,7458,7156.61,7257.45,37054.94478,37054.94478
2019/5/17,7868.67,7925,6913,7355.26,7868.67,7925,6913,7355.26,88752.00816,88752.00816
2019/5/16,8169.08,8320,7705,7866.59,8169.08,8320,7705,7866.59,69630.514,69630.514
2019/5/15,7945.26,8249,7850,8169.87,7945.26,8249,7850,8169.87,37884.32721,37884.32721
2019/5/14,7795.62,8366,7599.56,7947.56,7795.62,8366,7599.56,7947.56,76583.7226,76583.7226
2019/5/13,6968.24,8100,6870,7790.71,6968.24,8100,6870,7790.71,85804.73533,85804.73533
2019/5/12,7076.24,7521.78,6750,6967.31,7076.24,7521.78,6750,6967.31,86948.97534,86948.97534
2019/5/11,6375.16,7343.99,6372.85,7076.22,6375.16,7343.99,6372.85,7076.22,74022.42439,74022.42439
2019/5/10,6209.95,6468.92,6172,6373.33,6209.95,6468.92,6172,6373.33,36623.61079,36623.61079
2019/5/9,5986.66,6224.55,5983.71,6209.18,5986.66,6224.55,5983.71,6209.18,27453.01144,27453.01144
2019/5/8,5846.34,6014.72,5772.2,5987.29,5846.34,6014.72,5772.2,5987.29,23074.05152,23074.05152
2019/5/7,5749.92,6028.41,5747.74,5846.34,5749.92,6028.41,5747.74,5846.34,39905.06442,39905.06442
2019/5/6,5773.18,5805,5619.14,5747.79,5773.18,5805,5619.14,5747.79,25256.59633,25256.59633
2019/5/5,5829.83,5839.9,5696,5775.62,5829.83,5839.9,5696,5775.62,23822.54378,23822.54378
2019/5/4,5770.62,5900,5587.45,5829.45,5770.62,5900,5587.45,5829.45,39682.40899,39682.40899
2019/5/3,5494.81,5844,5477.57,5772.69,5494.81,5844,5477.57,5772.69,46297.17285,46297.17285
2019/5/2,5383.2,5538,5370,5492.87,5383.2,5538,5370,5492.87,22795.78784,22795.78784
2019/5/1,5321.94,5402,5316.2,5383.2,5321.94,5402,5316.2,5383.2,17217.47322,17217.47322
2019/4/30,5238.14,5339.98,5192.15,5320.81,5238.14,5339.98,5192.15,5320.81,22238.06823,22238.06823
2019/4/29,5309.81,5332,5178.8,5238.14,5309.81,5332,5178.8,5238.14,19918.13508,19918.13508
2019/4/28,5295.69,5340,5259.48,5307.52,5295.69,5340,5259.48,5307.52,14371.43387,14371.43387
2019/4/27,5315,5342.5,5257.67,5295.69,5315,5342.5,5257.67,5295.69,15422.89694,15422.89694
2019/4/26,5220.47,5510,5161.62,5314.1,5220.47,5510,5161.62,5314.1,48912.29451,48912.29451
2019/4/25,5415,5491.84,5102,5219.9,5415,5491.84,5102,5219.9,49636.08995,49636.08995
2019/4/24,5490.91,5582.2,5333.35,5415,5490.91,5582.2,5333.35,5415,48224.15241,48224.15241
2019/4/23,5357.14,5600,5332.41,5493.31,5357.14,5600,5332.41,5493.31,41262.10392,41262.10392
2019/4/22,5257.41,5400,5208.35,5357.14,5257.41,5400,5208.35,5357.14,29563.85231,29563.85231
2019/4/21,5292.91,5314.35,5165,5256.14,5292.91,5314.35,5165,5256.14,25549.57094,25549.57094
2019/4/20,5258.68,5333.42,5230.1,5291.73,5258.68,5333.42,5230.1,5291.73,19168.90827,19168.90827
2019/4/19,5258.44,5320,5175,5258.68,5258.44,5320,5175,5258.68,24611.23632,24611.23632
2019/4/18,5202.41,5287,5198.8,5258.44,5202.41,5287,5198.8,5258.44,22619.239,22619.239
2019/4/17,5173.72,5230.4,5146.8,5202.82,5173.72,5230.4,5146.8,5202.82,23307.53613,23307.53613
2019/4/16,5024.95,5197.72,5003.94,5173.72,5024.95,5197.72,5003.94,5173.72,24242.22949,24242.22949
2019/4/15,5131.28,5167.38,4950,5024.95,5131.28,5167.38,4950,5024.95,29057.19158,29057.19158
2019/4/14,5047.45,5152.99,5000,5131.3,5047.45,5152.99,5000,5131.3,18281.60774,18281.60774
2019/4/13,5047,5099,5004,5045.22,5047,5099,5004,5045.22,17292.4568,17292.4568
2019/4/12,5017.37,5080.58,4861.22,5048.01,5017.37,5080.58,4861.22,5048.01,33276.67861,33276.67861
2019/4/11,5307.86,5332.67,4927,5017.37,5307.86,5332.67,4927,5017.37,54696.60069,54696.60069
2019/4/10,5150,5422,5135,5308.25,5150,5422,5135,5308.25,40073.62047,40073.62047
2019/4/9,5238.38,5238.4,5076.68,5150,5238.38,5238.4,5076.68,5150,34067.01231,34067.01231
2019/4/8,5170.27,5305,5039,5236.9,5170.27,5305,5039,5236.9,50178.43078,50178.43078
2019/4/7,5042.07,5234,5026,5170.27,5042.07,5234,5026,5170.27,37615.4868,37615.4868
2019/4/6,5004.96,5205,4928.59,5043.89,5004.96,5205,4928.59,5043.89,41770.84231,41770.84231
2019/4/5,4898.64,5028.22,4880.62,5004.95,4898.64,5028.22,4880.62,5004.95,39768.55281,39768.55281
2019/4/4,4932.59,5039.08,4777,4898.66,4932.59,5039.08,4777,4898.66,61054.25417,61054.25417
2019/4/3,4857.19,5275.01,4753.5,4932.6,4857.19,5275.01,4753.5,4932.6,109890.1257,109890.1257
2019/4/2,4144.54,4897.99,4140.54,4857.29,4144.54,4897.99,4140.54,4857.29,105383.6393,105383.6393
2019/4/1,4102.44,4158.7,4067,4144.56,4102.44,4158.7,4067,4144.56,25507.06764,25507.06764
2019/3/31,4106.99,4116.12,4082.57,4103.95,4106.99,4116.12,4082.57,4103.95,13525.08743,13525.08743
2019/3/30,4104.24,4140,4052,4106.97,4104.24,4140,4052,4106.97,19509.2926,19509.2926
2019/3/29,4028.22,4123.71,4024.03,4103.25,4028.22,4123.71,4024.03,4103.25,30084.21744,30084.21744
2019/3/28,4039.58,4039.7,4002,4027.81,4039.58,4039.7,4002,4027.81,20089.29388,20089.29388
2019/3/27,3948.77,4048,3936.15,4038.05,3948.77,4048,3936.15,4038.05,32364.55585,32364.55585
2019/3/26,3935.47,3958.98,3894,3948.55,3935.47,3958.98,3894,3948.55,29349.53763,29349.53763
2019/3/25,3991.35,3999.3,3888.71,3936.12,3991.35,3999.3,3888.71,3936.12,33192.89022,33192.89022
2019/3/24,4006.01,4006.02,3950,3992.18,4006.01,4006.02,3950,3992.18,17179.85065,17179.85065
2019/3/23,3987.89,4018.83,3978.01,4006.01,3987.89,4018.83,3978.01,4006.01,17302.60432,17302.60432
2019/3/22,3980.85,4008,3968.25,3986.93,3980.85,4008,3968.25,3986.93,20022.60632,20022.60632
2019/3/21,4043.04,4069.32,3880.01,3980.64,4043.04,4069.32,3880.01,3980.64,35997.68212,35997.68212
2019/3/20,4017.48,4050,3980.5,4043.04,4017.48,4050,3980.5,4043.04,23432.30026,23432.30026
2019/3/19,3987.83,4031,3970,4015.53,3987.83,4031,3970,4015.53,19893.74182,19893.74182
2019/3/18,3981.85,4037,3953.33,3987.81,3981.85,4037,3953.33,3987.81,22454.47801,22454.47801
2019/3/17,4005.98,4012,3950.01,3981.14,4005.98,4012,3950.01,3981.14,18814.25558,18814.25558
2019/3/16,3924.46,4056.98,3921.98,4005.98,3924.46,4056.98,3921.98,4005.98,28568.37612,28568.37612
2019/3/15,3877.12,3939.22,3872.2,3923.76,3877.12,3939.22,3872.2,3923.76,21740.0615,21740.0615
2019/3/14,3866,3920,3810.43,3877.12,3866,3920,3810.43,3877.12,27048.74853,27048.74853
2019/3/13,3882.69,3893.56,3840,3866,3882.69,3893.56,3840,3866,24461.00876,24461.00876
2019/3/12,3871.61,3905.2,3826.06,3882.73,3871.61,3905.2,3826.06,3882.73,26921.00862,26921.00862
2019/3/11,3915.99,3936.98,3830,3871.61,3915.99,3936.98,3830,3871.61,38066.88571,38066.88571
2019/3/10,3943.43,3943.43,3881.69,3916.82,3943.43,3943.43,3881.69,3916.82,23187.56141,23187.56141
2019/3/9,3864.88,3971.75,3854.75,3943.04,3864.88,3971.75,3854.75,3943.04,30979.74765,30979.74765
2019/3/8,3873.63,3932,3800,3864.89,3873.63,3932,3800,3864.89,34730.36659,34730.36659
2019/3/7,3861.84,3905.4,3840.4,3873.64,3861.84,3905.4,3840.4,3873.64,26455.25766,26455.25766
2019/3/6,3857.58,3907,3813.09,3861.84,3857.58,3907,3813.09,3861.84,24775.11883,24775.11883
2019/3/5,3716.1,3877.1,3703.55,3857.73,3716.1,3877.1,3703.55,3857.73,32962.53616,32962.53616
2019/3/4,3807.32,3830,3670.69,3715.3,3807.32,3830,3670.69,3715.3,34742.84166,34742.84166
2019/3/3,3819.97,3835,3781.32,3807.75,3819.97,3835,3781.32,3807.75,16718.16541,16718.16541
2019/3/2,3822.17,3841.31,3772.25,3819.93,3822.17,3841.31,3772.25,3819.93,19445.83836,19445.83836
2019/3/1,3814.26,3857,3813.01,3823,3814.26,3857,3813.01,3823,23174.57217,23174.57217
2019/2/28,3818.04,3888,3763.87,3813.69,3818.04,3888,3763.87,3813.69,32561.96104,32561.96104
2019/2/27,3809.31,3838.85,3677.17,3818.07,3809.31,3838.85,3677.17,3818.07,31500.99547,31500.99547
2019/2/26,3828.44,3841.51,3777,3809.23,3828.44,3841.51,3777,3809.23,28838.74804,28838.74804
2019/2/25,3743.56,3872.66,3740,3827.92,3743.56,3872.66,3740,3827.92,38102.96625,38102.96625
2019/2/24,4118,4198,3712.66,3743.56,4118,4198,3712.66,3743.56,62224.18689,62224.18689
2019/2/23,3962,4162.02,3933.15,4117.76,3962,4162.02,3933.15,4117.76,33657.94288,33657.94288
2019/2/22,3937.31,3988,3926.65,3962,3937.31,3988,3926.65,3962,23943.16375,23943.16375
2019/2/21,3969.74,4016.48,3901.03,3937.31,3969.74,4016.48,3901.03,3937.31,31103.88473,31103.88473
2019/2/20,3907.35,3986.98,3870.66,3969.74,3907.35,3986.98,3870.66,3969.74,36205.14085,36205.14085
2019/2/19,3897.35,3994.52,3856,3907.79,3897.35,3994.52,3856,3907.79,50207.17267,50207.17267
2019/2/18,3667.62,3925,3655,3898.6,3667.62,3925,3655,3898.6,64042.73049,64042.73049
2019/2/17,3617.22,3700.11,3604.4,3667.58,3617.22,3700.11,3604.4,3667.58,25690.22778,25690.22778
2019/2/16,3602.49,3648.2,3597.91,3618.41,3602.49,3648.2,3597.91,3618.41,19565.99275,19565.99275
2019/2/15,3590.57,3653.23,3573.45,3602.47,3590.57,3653.23,3573.45,3602.47,20777.8729,20777.8729
2019/2/14,3608.34,3626.4,3568.11,3590.56,3608.34,3626.4,3568.11,3590.56,21753.50126,21753.50126
2019/2/13,3631.51,3670,3591.75,3609.4,3631.51,3670,3591.75,3609.4,25773.99765,25773.99765
2019/2/12,3631.05,3667.6,3582.34,3631.46,3631.05,3667.6,3582.34,3631.46,29479.59823,29479.59823
2019/2/11,3679.75,3684.9,3615.53,3631.05,3679.75,3684.9,3615.53,3631.05,24954.61457,24954.61457
2019/2/10,3665.18,3684.99,3609.76,3680.06,3665.18,3684.99,3609.76,3680.06,23250.60263,23250.60263
2019/2/9,3660.27,3680.02,3625.13,3665.18,3660.27,3680.02,3625.13,3665.18,24759.83372,24759.83372
2019/2/8,3398.4,3733.58,3373.1,3659.04,3398.4,3733.58,3373.1,3659.04,47968.05801,47968.05801
2019/2/7,3407,3426.45,3390,3398.4,3407,3426.45,3390,3398.4,18665.53864,18665.53864
2019/2/6,3471.57,3482.72,3380,3405.37,3471.57,3482.72,3380,3405.37,35310.24485,35310.24485
2019/2/5,3463.22,3478.97,3448.43,3471.59,3463.22,3478.97,3448.43,3471.59,25264.41503,25264.41503
2019/2/4,3458.11,3484.88,3433.31,3463.22,3458.11,3484.88,3433.31,3463.22,23131.98111,23131.98111
2019/2/3,3504.06,3511.09,3426,3458.11,3504.06,3511.09,3426,3458.11,19867.33639,19867.33639
2019/2/2,3462.2,3526.4,3440.29,3504.77,3462.2,3526.4,3440.29,3504.77,17920.802,17920.802
2019/2/1,3434.1,3488,3401.2,3462.07,3434.1,3488,3401.2,3462.07,25260.47616,25260.47616
2019/1/31,3457.5,3489.2,3418.8,3434.1,3457.5,3489.2,3418.8,3434.1,29607.19025,29607.19025
2019/1/30,3410.04,3478,3387.1,3458.18,3410.04,3478,3387.1,3458.18,23968.26024,23968.26024
2019/1/29,3434,3443.45,3349.92,3411.04,3434,3443.45,3349.92,3411.04,29544.92898,29544.92898
2019/1/28,3550.05,3557.75,3380.27,3434.15,3550.05,3557.75,3380.27,3434.15,40405.1114,40405.1114
2019/1/27,3565.62,3579,3486,3550.84,3565.62,3579,3486,3550.84,22735.59816,22735.59816
2019/1/26,3566.69,3662.94,3545,3565.25,3566.69,3662.94,3545,3565.25,19476.53234,19476.53234
2019/1/25,3569.07,3587.15,3522.51,3565.29,3569.07,3587.15,3522.51,3565.29,17608.34667,17608.34667
2019/1/24,3552.97,3589,3529.22,3569.62,3552.97,3589,3529.22,3569.62,20826.25118,20826.25118
2019/1/23,3570.41,3607.98,3514.5,3552.82,3570.41,3607.98,3514.5,3552.82,24938.8427,24938.8427
2019/1/22,3526.88,3608.5,3434.85,3570.93,3526.88,3608.5,3434.85,3570.93,29336.44297,29336.44297
2019/1/21,3539.26,3559.51,3475.5,3526.9,3539.26,3559.51,3475.5,3526.9,19644.43684,19644.43684
2019/1/20,3665.75,3693.73,3475,3539.28,3665.75,3693.73,3475,3539.28,27901.9386,27901.9386
2019/1/19,3594.87,3720,3594.23,3665.3,3594.87,3720,3594.23,3665.3,22171.57812,22171.57812
2019/1/18,3613.32,3620,3565.75,3594.87,3613.32,3620,3565.75,3594.87,22713.44676,22713.44676
2019/1/17,3591.84,3634.7,3530.39,3616.21,3591.84,3634.7,3530.39,3616.21,29755.44084,29755.44084
2019/1/16,3553.06,3645,3543.51,3591.84,3553.06,3645,3543.51,3591.84,27480.17998,27480.17998
2019/1/15,3626.08,3648.42,3516.62,3553.06,3626.08,3648.42,3516.62,3553.06,34137.99746,34137.99746
2019/1/14,3477.56,3671.87,3467.02,3626.09,3477.56,3671.87,3467.02,3626.09,35235.21122,35235.21122
2019/1/13,3584.1,3611.1,3441.3,3476.81,3584.1,3611.1,3441.3,3476.81,26385.75745,26385.75745
2019/1/12,3601.31,3618.19,3530,3583.13,3601.31,3618.19,3530,3583.13,21999.92835,21999.92835
2019/1/11,3585.88,3658,3465,3601.31,3585.88,3658,3465,3601.31,38338.65473,38338.65473
2019/1/10,3966.06,3996.01,3540,3585.88,3966.06,3996.01,3540,3585.88,59402.22851,59402.22851
2019/1/9,3955.45,4006.81,3930.04,3966.65,3955.45,4006.81,3930.04,3966.65,28989.43951,28989.43951
2019/1/8,3976.76,4069.8,3903,3955.13,3976.76,4069.8,3903,3955.13,38901.42312,38901.42312
2019/1/7,3987.62,4017.9,3921.53,3975.45,3987.62,4017.9,3921.53,3975.45,31869.84626,31869.84626
2019/1/6,3771.12,4027.71,3740,3987.6,3771.12,4027.71,3740,3987.6,36553.80671,36553.80671
2019/1/5,3790.09,3840.99,3751,3770.96,3790.09,3840.99,3751,3770.96,30490.66775,30490.66775
2019/1/4,3767.2,3823.64,3703.57,3792.01,3767.2,3823.64,3703.57,3792.01,29519.55467,29519.55467
2019/1/3,3857.57,3862.74,3730,3766.78,3857.57,3862.74,3730,3766.78,29406.94836,29406.94836
2019/1/2,3796.45,3882.14,3750.45,3858.56,3796.45,3882.14,3750.45,3858.56,35156.46337,35156.46337
2019/1/1,3701.23,3810.16,3642,3797.14,3701.23,3810.16,3642,3797.14,23741.68703,23741.68703
2018/12/31,3803.12,3810,3630.33,3702.9,3803.12,3810,3630.33,3702.9,29991.77835,29991.77835
2018/12/30,3696.71,3903.5,3657.9,3801.91,3696.71,3903.5,3657.9,3801.91,33222.36926,33222.36926
2018/12/29,3839,3892,3670,3695.32,3839,3892,3670,3695.32,38874.3739,38874.3739
2018/12/28,3567.89,3887.25,3540.04,3839.26,3567.89,3887.25,3540.04,3839.26,45964.30499,45964.30499
2018/12/27,3777.74,3813.98,3535,3567.91,3777.74,3813.98,3535,3567.91,44097.39291,44097.39291
2018/12/26,3745.56,3837.15,3656.74,3777.74,3745.56,3837.15,3656.74,3777.74,42629.37582,42629.37582
2018/12/25,4010.11,4020,3646.41,3745.79,4010.11,4020,3646.41,3745.79,62725.62943,62725.62943
2018/12/24,3929.71,4198,3924.83,4008.01,3929.71,4198,3924.83,4008.01,64647.80913,64647.80913
2018/12/23,3948.91,4021.53,3870,3929.71,3948.91,4021.53,3870,3929.71,40117.53153,40117.53153
2018/12/22,3840.25,3979,3785,3948.91,3840.25,3979,3785,3948.91,42822.35087,42822.35087
2018/12/21,4051.86,4139.99,3764,3838.66,4051.86,4139.99,3764,3838.66,82343.85011,82343.85011
2018/12/20,3660.01,4120,3635,4049.62,3660.01,4120,3635,4049.62,101543.836,101543.836
2018/12/19,3653,3912.73,3622.55,3662.22,3653,3912.73,3622.55,3662.22,94137.34101,94137.34101
2018/12/18,3509.03,3678.59,3424.47,3652.98,3509.03,3678.59,3424.47,3652.98,61369.61526,61369.61526
2018/12/17,3229.22,3585,3216,3509.08,3229.22,3585,3216,3509.08,66761.7517,66761.7517
2018/12/16,3211.71,3294,3186,3228.67,3211.71,3294,3186,3228.67,24628.80854,24628.80854
2018/12/15,3225.19,3276.5,3156.26,3211.72,3225.19,3276.5,3156.26,3211.72,29796.04144,29796.04144
2018/12/14,3302.06,3335.39,3177,3224.17,3302.06,3335.39,3177,3224.17,44492.98381,44492.98381
2018/12/13,3446.38,3460,3255.5,3302.06,3446.38,3460,3255.5,3302.06,40040.91701,40040.91701
2018/12/12,3379.23,3492,3350,3445,3379.23,3492,3350,3445,33922.93129,33922.93129
2018/12/11,3434.01,3480,3324.32,3380.39,3434.01,3480,3324.32,3380.39,35920.86415,35920.86415
2018/12/10,3548.49,3610,3370.11,3432.88,3548.49,3610,3370.11,3432.88,40989.24455,40989.24455
2018/12/9,3411.36,3658,3394.04,3545.37,3411.36,3658,3394.04,3545.37,45956.8933,45956.8933
2018/12/8,3403.57,3495,3222,3410.93,3403.57,3495,3222,3410.93,55365.94995,55365.94995
2018/12/7,3508.75,3549.99,3224.6,3403.55,3508.75,3549.99,3224.6,3403.55,95145.45744,95145.45744
2018/12/6,3768.44,3899.99,3500,3508.75,3768.44,3899.99,3500,3508.75,68378.79694,68378.79694
2018/12/5,3950.98,3970,3745,3769.84,3950.98,3970,3745,3769.84,44004.79945,44004.79945
2018/12/4,3884.76,4085,3781,3951.64,3884.76,4085,3781,3951.64,48489.55161,48489.55161
2018/12/3,4160.55,4179,3827,3884.01,4160.55,4179,3827,3884.01,49094.36916,49094.36916
2018/12/2,4190.98,4312.99,4103.04,4161.01,4190.98,4312.99,4103.04,4161.01,38912.15479,38912.15479
2018/12/1,4041.27,4299.99,3963.01,4190.02,4041.27,4299.99,3963.01,4190.02,44840.07348,44840.07348
2018/11/30,4295.72,4341.36,3943,4041.32,4295.72,4341.36,3943,4041.32,67758.44628,67758.44628
2018/11/29,4262.06,4450.38,4125.65,4295.84,4262.06,4450.38,4125.65,4295.84,73980.19867,73980.19867
2018/11/28,3875.63,4394.47,3874.27,4264.85,3875.63,4394.47,3874.27,4264.85,91983.56795,91983.56795
2018/11/27,3864.45,3940,3689.12,3875.21,3864.45,3940,3689.12,3875.21,67480.60721,67480.60721
2018/11/26,4088.69,4206,3701,3862.2,4088.69,4206,3701,3862.2,94503.75077,94503.75077
2018/11/25,3933.68,4233,3652.66,4085.78,3933.68,4233,3652.66,4085.78,101693.9756,101693.9756
2018/11/24,4415.63,4527,3824.69,3932.44,4415.63,4527,3824.69,3932.44,61693.11101,61693.11101
2018/11/23,4370.9,4484,4222.94,4420.61,4370.9,4484,4222.94,4420.61,49371.92032,49371.92032
2018/11/22,4661.08,4721.77,4335,4370,4661.08,4721.77,4335,4370,34531.11914,34531.11914
2018/11/21,4559.91,4787.2,4413.85,4661.07,4559.91,4787.2,4413.85,4661.07,61071.82948,61071.82948
2018/11/20,4913.4,5048.24,4326,4558.86,4913.4,5048.24,4326,4558.86,117380.9516,117380.9516
2018/11/19,5661.94,5664,4855,4910.03,5661.94,5664,4855,4910.03,70580.89286,70580.89286
2018/11/18,5630.49,5738.17,5617,5662,5630.49,5738.17,5617,5662,23844.99935,23844.99935
2018/11/17,5650.57,5656.6,5565.43,5628.29,5650.57,5656.6,5565.43,5628.29,26411.24141,26411.24141
2018/11/16,5757.09,5782.89,5549.25,5655.94,5757.09,5782.89,5549.25,5655.94,38721.80227,38721.80227
2018/11/15,5917.2,5939.54,5403.42,5753.4,5917.2,5939.54,5403.42,5753.4,47700.8294,47700.8294
2018/11/14,6458.98,6482.84,5656.87,5922.41,6458.98,6482.84,5656.87,5922.41,46478.964,46478.964
2018/11/13,6451.68,6498,6391.15,6457.66,6451.68,6498,6391.15,6457.66,11790.56493,11790.56493
2018/11/12,6450.71,6497,6421,6453.07,6450.71,6497,6421,6453.07,10132.78257,10132.78257
2018/11/11,6435.16,6462.14,6355,6449.81,6435.16,6462.14,6355,6449.81,8213.507117,8213.507117
2018/11/10,6419.99,6475.55,6411,6433.05,6419.99,6475.55,6411,6433.05,7714.829926,7714.829926
2018/11/9,6479.84,6511.53,6391.01,6419.99,6479.84,6511.53,6391.01,6419.99,11787.61658,11787.61658
2018/11/8,6578.46,6594,6468.22,6479.84,6578.46,6594,6468.22,6479.84,13259.78928,13259.78928
2018/11/7,6522.73,6615.15,6509,6578.46,6522.73,6615.15,6509,6578.46,14271.59112,14271.59112
2018/11/6,6468.99,6531.31,6445.18,6519.11,6468.99,6531.31,6445.18,6519.11,11926.5657,11926.5657
2018/11/5,6485.85,6504.39,6431.02,6468.99,6485.85,6504.39,6431.02,6468.99,8987.882156,8987.882156
2018/11/4,6388,6525,6359,6485.85,6388,6525,6359,6485.85,10592.39494,10592.39494
2018/11/3,6432.8,6439.97,6345,6387.09,6432.8,6439.97,6345,6387.09,7661.241476,7661.241476
2018/11/2,6410,6460.34,6388.2,6433.98,6410,6460.34,6388.2,6433.98,9739.440679,9739.440679
2018/11/1,6369.52,6442.65,6348.66,6410,6369.52,6442.65,6348.66,6410,9099.035841,9099.035841
2018/10/31,6330.01,6428,6245.02,6371.93,6330.01,6428,6245.02,6371.93,12148.88822,12148.88822
2018/10/30,6344.5,6395,6317.01,6330.87,6344.5,6395,6317.01,6330.87,8877.175385,8877.175385
2018/10/29,6489.93,6505.01,6315,6344.5,6489.93,6505.01,6315,6344.5,13827.22407,13827.22407
2018/10/28,6505.6,6514.17,6453,6489.93,6505.6,6514.17,6453,6489.93,5743.933728,5743.933728
2018/10/27,6538.63,6558.35,6463.04,6505.6,6538.63,6558.35,6463.04,6505.6,7776.907864,7776.907864
2018/10/26,6528.13,6600,6515.01,6538.63,6528.13,6600,6515.01,6538.63,9443.504156,9443.504156
2018/10/25,6566.81,6575.09,6502.8,6528.09,6566.81,6575.09,6502.8,6528.09,10342.70124,10342.70124
2018/10/24,6553.51,6630,6547.53,6565.5,6553.51,6630,6547.53,6565.5,11951.54398,11951.54398
2018/10/23,6581.2,6595,6515.45,6553.51,6581.2,6595,6515.45,6553.51,13856.60176,13856.60176
2018/10/22,6590.12,6639,6535.27,6581.2,6590.12,6639,6535.27,6581.2,16213.69266,16213.69266
2018/10/21,6585.72,6663.9,6580,6590.11,6585.72,6663.9,6580,6590.11,6515.357792,6515.357792
2018/10/20,6528.88,6617.65,6505.55,6588.4,6528.88,6617.65,6505.55,6588.4,19240.72225,19240.72225
2018/10/19,6618.96,6648.14,6523,6528.88,6618.96,6648.14,6523,6528.88,20772.60077,20772.60077
2018/10/18,6739.01,6796,6567,6618.96,6739.01,6796,6567,6618.96,20116.52194,20116.52194
2018/10/17,6762.76,6811.12,6676.01,6740.89,6762.76,6811.12,6676.01,6740.89,26641.43138,26641.43138
2018/10/16,6752.5,6900,6670,6759.27,6752.5,6900,6670,6759.27,27557.95776,27557.95776
2018/10/15,6339.34,7680,6300,6752.5,6339.34,7680,6300,6752.5,90748.03125,90748.03125
2018/10/14,6332.92,6416,6308,6339.34,6332.92,6416,6308,6339.34,15627.41131,15627.41131
2018/10/13,6298,6345,6285.07,6332.93,6298,6345,6285.07,6332.93,19098.07003,19098.07003
2018/10/12,6252.71,6360,6209,6298.01,6252.71,6360,6209,6298.01,29004.07142,29004.07142
2018/10/11,6630.21,6633.92,6205,6252.68,6630.21,6633.92,6205,6252.68,48712.40033,48712.40033
2018/10/10,6656.67,6659.95,6530,6631,6656.67,6659.95,6530,6631,15390.66144,15390.66144
2018/10/9,6673.01,6685.38,6607,6656.61,6673.01,6685.38,6607,6656.61,15354.77947,15354.77947
2018/10/8,6615.26,6715.6,6587,6673.01,6615.26,6715.6,6587,6673.01,23123.41954,23123.41954
2018/10/7,6596.44,6640,6525,6615.26,6596.44,6640,6525,6615.26,17406.83176,17406.83176
2018/10/6,6635.65,6651,6566.77,6594.27,6635.65,6651,6566.77,6594.27,10939.50539,10939.50539
2018/10/5,6591.69,6697,6543.08,6635.65,6591.69,6697,6543.08,6635.65,16096.55239,16096.55239
2018/10/4,6510.01,6643.46,6505.09,6593.79,6510.01,6643.46,6505.09,6593.79,20074.30082,20074.30082
2018/10/3,6525.79,6549,6430,6510,6525.79,6549,6430,6510,28451.96914,28451.96914
2018/10/2,6610,6640,6494,6525.79,6610,6640,6494,6525.79,28245.81009,28245.81009
2018/10/1,6626.57,6667.09,6510,6611.61,6626.57,6667.09,6510,6611.61,20621.50689,20621.50689
2018/9/30,6597.66,6662,6533,6626.57,6597.66,6662,6533,6626.57,27764.72452,27764.72452
2018/9/29,6634.58,6636,6464.57,6596.38,6634.58,6636,6464.57,6596.38,30255.9597,30255.9597
2018/9/28,6689.12,6814.8,6540.88,6634.58,6689.12,6814.8,6540.88,6634.58,42399.44852,42399.44852
2018/9/27,6467.84,6750,6434,6689.13,6467.84,6750,6434,6689.13,33087.4283,33087.4283
2018/9/26,6445.11,6557.99,6379.7,6465.12,6445.11,6557.99,6379.7,6465.12,33484.54207,33484.54207
2018/9/25,6581.42,6584.01,6325.02,6447.54,6581.42,6584.01,6325.02,6447.54,40301.02945,40301.02945
2018/9/24,6706.81,6730,6557,6581.39,6706.81,6730,6557,6581.39,35305.73991,35305.73991
2018/9/23,6723.05,6788.23,6661.75,6708,6723.05,6788.23,6661.75,6708,30286.22977,30286.22977
2018/9/22,6759.01,6839.03,6627,6723.05,6759.01,6839.03,6627,6723.05,29349.69067,29349.69067
2018/9/21,6492,6784.86,6491,6759.02,6492,6784.86,6491,6759.02,51779.34346,51779.34346
2018/9/20,6392,6540,6325,6492,6392,6540,6325,6492,25189.02473,25189.02473
2018/9/19,6336.39,6517.7,6123,6391.89,6336.39,6517.7,6123,6391.89,39044.08008,39044.08008
2018/9/18,6248.69,6390,6224.98,6336.45,6248.69,6390,6224.98,6336.45,32620.86667,32620.86667
2018/9/17,6500.08,6533.84,6201,6248.69,6500.08,6533.84,6201,6248.69,35987.25474,35987.25474
2018/9/16,6514.96,6524.62,6370,6505,6514.96,6524.62,6370,6505,27568.1329,27568.1329
2018/9/15,6476.63,6565.45,6466.13,6514.96,6476.63,6565.45,6466.13,6514.96,25243.65661,25243.65661
2018/9/14,6487.39,6584.99,6385.62,6476.63,6487.39,6584.99,6385.62,6476.63,37173.33928,37173.33928
2018/9/13,6338.62,6535,6337.4,6487.38,6338.62,6535,6337.4,6487.38,40465.06311,40465.06311
2018/9/12,6293,6360,6192.37,6338.62,6293,6360,6192.37,6338.62,31433.64594,31433.64594
2018/9/11,6311.99,6404,6169.68,6294.91,6311.99,6404,6169.68,6294.91,33104.88859,33104.88859
2018/9/10,6252.26,6373.98,6221,6312,6252.26,6373.98,6221,6312,32439.45643,32439.45643
2018/9/9,6185.06,6441,6141.53,6250.81,6185.06,6441,6141.53,6250.81,37053.92382,37053.92382
2018/9/8,6395.54,6478,6111,6185.05,6395.54,6478,6111,6185.05,38215.03217,38215.03217
2018/9/7,6516.84,6544,6320,6395.54,6516.84,6544,6320,6395.54,38906.28805,38906.28805
2018/9/6,6697.27,6725,6265,6516.01,6697.27,6725,6265,6516.01,60644.46423,60644.46423
2018/9/5,7359.05,7397.3,6682,6700,7359.05,7397.3,6682,6700,63715.25627,63715.25627
2018/9/4,7263,7410,7227.17,7359.06,7263,7410,7227.17,7359.06,35300.64052,35300.64052
2018/9/3,7302,7338.28,7191.63,7263.02,7302,7338.28,7191.63,7263.02,32396.01837,32396.01837
2018/9/2,7201.57,7345.45,7127,7302.01,7201.57,7345.45,7127,7302.01,39814.84035,39814.84035
2018/9/1,7011.21,7275,7008.74,7200.01,7011.21,7275,7008.74,7200.01,40323.41409,40323.41409
2018/8/31,6984.84,7089,6888,7011.21,6984.84,7089,6888,7011.21,40467.40064,40467.40064
2018/8/30,7033.21,7063.63,6784.81,6984.84,7033.21,7063.63,6784.81,6984.84,44716.77462,44716.77462
2018/8/29,7077,7133.81,6912.34,7031.22,7077,7133.81,6912.34,7031.22,43252.48739,43252.48739
2018/8/28,6907.26,7135,6860,7076.11,6907.26,7135,6860,7076.11,48352.91716,48352.91716
2018/8/27,6700,6940.51,6646.5,6908.64,6700,6940.51,6646.5,6908.64,37747.07875,37747.07875
2018/8/26,6733.64,6775.27,6568,6700,6733.64,6775.27,6568,6700,20107.29721,20107.29721
2018/8/25,6686.98,6789,6650.61,6733.64,6686.98,6789,6650.61,6733.64,19220.50593,19220.50593
2018/8/24,6525,6725,6440.5,6681.64,6525,6725,6440.5,6681.64,38305.67532,38305.67532
2018/8/23,6362.57,6576.99,6342.28,6525.01,6362.57,6576.99,6342.28,6525.01,40358.16683,40358.16683
2018/8/22,6479.98,6882.54,6251.2,6360.89,6479.98,6882.54,6251.2,6360.89,77909.39136,77909.39136
2018/8/21,6251,6500,6235.08,6480,6251,6500,6235.08,6480,41569.94741,41569.94741
2018/8/20,6477.53,6530,6220,6254.84,6477.53,6530,6220,6254.84,49435.55526,49435.55526
2018/8/19,6387.96,6541,6300,6477.53,6387.96,6541,6300,6477.53,45190.84799,45190.84799
2018/8/18,6579.04,6620,6288,6387.96,6579.04,6620,6288,6387.96,53742.32217,53742.32217
2018/8/17,6316,6585,6285.4,6584.49,6316,6585,6285.4,6584.49,57851.6108,57851.6108
2018/8/16,6265.27,6480,6205.6,6311.75,6265.27,6480,6205.6,6311.75,48515.25462,48515.25462
2018/8/15,6188.08,6609,6172.11,6267.16,6188.08,6609,6172.11,6267.16,68806.68703,68806.68703
2018/8/14,6248.25,6250.33,5880,6188.08,6248.25,6250.33,5880,6188.08,50186.74509,50186.74509
2018/8/13,6308.56,6545,6145.04,6246.35,6308.56,6545,6145.04,6246.35,53895.82878,53895.82878
2018/8/12,6222.55,6472.3,6130,6308.33,6222.55,6472.3,6130,6308.33,38567.77071,38567.77071
2018/8/11,6148.13,6488,5971,6232.35,6148.13,6488,5971,6232.35,47133.41856,47133.41856
2018/8/10,6529.79,6575.88,6026.39,6144.01,6529.79,6575.88,6026.39,6144.01,59034.9749,59034.9749
2018/8/9,6283.27,6622.81,6178.6,6529.79,6283.27,6622.81,6178.6,6529.79,51941.18511,51941.18511
2018/8/8,6720.63,6721.54,6123,6285,6720.63,6721.54,6123,6285,59550.53632,59550.53632
2018/8/7,6935,7150.46,6670,6720.06,6935,7150.46,6670,6720.06,45438.4735,45438.4735
2018/8/6,7024.19,7160,6821,6934.82,7024.19,7160,6821,6934.82,32760.19164,32760.19164
2018/8/5,7009.84,7089.87,6882.29,7024.19,7009.84,7089.87,6882.29,7024.19,32894.84978,32894.84978
2018/8/4,7412.27,7494.81,6926,7009.84,7412.27,7494.81,6926,7009.84,36288.42601,36288.42601
2018/8/3,7525.71,7540,7282.44,7418.78,7525.71,7540,7282.44,7418.78,44669.48605,44669.48605
2018/8/2,7600.08,7709.46,7455.72,7525.71,7600.08,7709.46,7455.72,7525.71,37665.69668,37665.69668
2018/8/1,7735.67,7750,7430,7604.58,7735.67,7750,7430,7604.58,42582.31293,42582.31293
2018/7/31,8171.4,8180,7633,7730.93,8171.4,8180,7633,7730.93,48296.91559,48296.91559
2018/7/30,8210.99,8273,7866,8173.92,8210.99,8273,7866,8173.92,39692.41654,39692.41654
2018/7/29,8225.04,8294.51,8115,8211,8225.04,8294.51,8115,8211,25531.22619,25531.22619
2018/7/28,8188.57,8246.54,8067,8225.04,8188.57,8246.54,8067,8225.04,26215.17384,26215.17384
2018/7/27,7920,8285,7805,8188.57,7920,8285,7805,8188.57,43671.00589,43671.00589
2018/7/26,8175.63,8315.69,7850.06,7920,8175.63,8315.69,7850.06,7920,43223.48168,43223.48168
